horizon,period,n,model_MAE,model_RMSE,model_MAPE,persistence_MAE,persistence_RMSE,persistence_MAPE,prev_day_MAE,prev_day_RMSE,prev_day_MAPE,prev_week_MAE,prev_week_RMSE,prev_week_MAPE,strongest_baseline,strongest_baseline_MAE,beats_strongest_baseline,improvement_over_strongest_pct
1,validation,8760,17.601430148011648,30.07069991225654,1.589258922674584,46.45918200913242,60.612125541059726,3.8172165215263365,79.51935147260274,125.70006584164108,6.548936278565115,67.78901949200915,100.18916559348204,5.7331556786293065,persistence,46.45918200913242,True,62.114205660031296
1,test_full,4249,23.06400674480852,32.01807988268946,1.980405259109747,38.11919552835961,49.26444278527084,3.2333976875658683,66.40188830313016,102.17905359571317,5.572946803338522,71.8230779006825,100.31666547205607,6.124748259743156,persistence,38.11919552835961,True,39.49503281712872
1,test_pre_covid,1440,21.90735963663737,33.40752846564385,1.6820764542326803,44.95000756944444,57.87604184201215,3.5197499868972573,85.30675923611112,126.30534366840483,6.626192963208914,87.73385256944445,120.19760320479729,7.066664923700909,persistence,44.95000756944444,True,51.262834377075194
1,test_covid_onset,2809,23.65694794657658,31.28187687174091,2.133339925903259,34.617462050551794,44.20406609554365,3.0866026320168474,56.71053403346387,87.26197405924971,5.033012851678372,63.666611000356,88.40821790942056,5.641886032580762,persistence,34.617462050551794,True,31.66180723465401
2,validation,8760,25.3407679409804,39.50783188738206,2.227684590430367,85.72758738584474,110.33924290293075,7.030071444876832,79.52499652968037,125.7022325829066,6.549488091617412,67.78887646689498,100.18908615189541,5.7331345901104935,prev_week,67.78887646689498,True,62.61810305507027
2,test_full,4249,43.902286408336884,61.67430191243159,3.8012710785239108,69.77673927983055,88.67547737571009,5.896321406184864,66.38826806307367,102.17318339316284,5.57160077793015,71.81466636855731,100.31355022760918,6.123912020459047,prev_day,66.38826806307367,True,33.87041462412225
2,test_pre_covid,1440,32.742217408175996,47.37447176322615,2.501031307765726,83.13169958333333,105.5251189506127,6.499242451782246,85.28285173611111,126.29478882502181,6.623621806071661,87.7375075,120.19935631501902,7.066677351086403,persistence,83.13169958333333,True,60.61404064600608
2,test_covid_onset,2809,49.62336129627981,67.84626990034215,4.4678233283963875,62.93047981488075,78.65037213388221,5.587241197690657,56.70218743325026,87.2594083465284,5.032294875287295,63.652013741545034,88.40164890684224,5.640614734555382,prev_day,56.70218743325026,True,12.484220551991285
3,validation,8760,30.480126644393014,45.754868152179924,2.6507384706993835,119.79764354452055,153.05888775965127,9.766721084804216,79.52989687214613,125.70377807576477,6.549975926721796,67.79001009703197,100.18961044255477,5.7332432291268836,prev_week,67.79001009703197,True,55.037436045864354
3,test_full,4249,60.931963188581136,85.14261261793956,5.275663470061512,97.65371254412803,121.64460285014316,8.244044896833486,66.37685415391857,102.16906568949955,5.570454998247451,71.80806559190398,100.31109722828457,6.123243445558844,prev_day,66.37685415391857,True,8.202996413044072
3,test_pre_covid,1440,39.2665473316786,54.93379933396349,3.0079176828014442,116.88389152777778,146.56616335047013,9.117904752716118,85.25610243055556,126.28592491517092,6.620807655731306,87.75994937499999,120.21195077689796,7.068402797459057,prev_day,85.25610243055556,True,53.9428308212157
3,test_covid_onset,2809,72.03847754740622,97.04902671621942,6.438196020312313,87.79559302242791,106.6340424667508,7.796071172208712,56.69863503025988,87.25869183500386,5.032004365717457,63.630524599501605,88.38865832430649,5.638718893498927,prev_day,56.69863503025988,False,-27.055047284576627
4,validation,8760,34.07521660463934,50.62563844102965,2.935931639162824,152.21801875570776,190.25816478574484,12.32378359840495,79.53296172374428,125.70438926217116,6.550284808313099,67.79370685502282,100.19119210919897,5.733614097349512,prev_week,67.79370685502282,True,49.736903046901745
4,test_full,4249,73.24814984888448,102.83300267544614,6.315993615023187,121.64129395151801,149.8319699420377,10.250408138870421,66.36994278653802,102.16745511798126,5.569751996399583,71.79883118380795,100.30746640720093,6.122301701138526,prev_day,66.36994278653802,False,-10.363436781117109
4,test_pre_covid,1440,45.478142745564774,63.0332114042032,3.4623398108293486,148.55228166666666,182.52174899017797,11.552402333780098,85.25075444444444,126.28445791506586,6.620105453117435,87.7733151388889,120.21958692479542,7.069348498599841,prev_day,85.25075444444444,True,46.65367709419906
4,test_covid_onset,2809,87.4841093464923,118.14726176578242,7.7788848496401775,107.84570039159841,129.9231638930978,9.58295650459846,56.69092221431114,87.25692772935592,5.031300954151915,63.60970448558206,88.3771006047293,5.636809572856471,prev_day,56.69092221431114,False,-54.31766838396514
5,validation,8760,36.01152961956424,52.98238400483674,3.0883874403501967,182.88053337328768,221.97690293640719,14.733211443325548,79.53817912100457,125.70536471573627,6.550822310283948,67.7932985673516,100.19104246746613,5.733561901149679,prev_week,67.7932985673516,True,46.88039912412974
5,test_full,4249,78.4605893519523,109.06582343846486,6.770370037873404,141.67894059778772,173.64259055608358,11.912350714744873,66.3638456342669,102.16546180465079,5.5691099645946185,71.7955002353495,100.30654137143225,6.12194451468868,prev_day,66.3638456342669,False,-18.2279125057805
5,test_pre_covid,1440,47.08003635687934,64.89253924948608,3.5857788178149073,178.34085159722224,213.73789724971454,13.834924310306022,85.240143125,126.28120484299698,6.618866135392974,87.79685576388889,120.22974570435973,7.071451533614775,prev_day,85.240143125,True,44.767764775055525
5,test_covid_onset,2809,94.54745169189712,125.83570195842697,8.402912350754939,122.88465372018511,148.96101882300215,10.926766529053147,56.687139195443216,87.2558108707726,5.030965113775952,63.59259814880741,88.36842760321339,5.635191183519731,prev_day,56.687139195443216,False,-66.788186939406
6,validation,8760,37.12283821478578,54.34784799398517,3.1772581666201885,209.84298858447488,249.00676424618538,16.877146494019048,79.54042098173515,125.70622495758514,6.551043450228879,67.7925854737443,100.19073458906007,5.733471800994829,prev_week,67.7925854737443,True,45.240562879603914
6,test_full,4249,82.77796216814342,113.64019704948045,7.162486196550352,158.02602384090375,193.82177865211582,13.265919576601593,66.35639020946105,102.16238109777483,5.568305032349076,71.79497324076253,100.30633639525583,6.121851498440361,prev_day,66.35639020946105,False,-24.74753660777193
6,test_pre_covid,1440,48.52059237542047,66.23882007719773,3.6923119688252224,204.6923901388889,241.06303566315546,15.874341175219552,85.24894319444444,126.2856919300922,6.619535234197318,87.79748930555554,120.22995959146071,7.071372716883308,prev_day,85.24894319444444,True,43.083643553504494
6,test_covid_onset,2809,100.3395899721737,131.47284349662294,8.94142919687936,134.10307351370597,164.42320036730996,11.92874367698968,56.671350587397654,87.24702514629428,5.029404537275573,63.591476219295124,88.36792648065335,5.635090888060212,prev_day,56.671350587397654,False,-77.05522972746446
7,validation,8760,39.386759665326686,56.76464863533034,3.3568050269497536,232.01209771689497,271.4049534846357,18.662778766307902,79.55054745433789,125.7129226660042,6.552137192419978,67.7960888413242,100.19199635590677,5.733849414200415,prev_week,67.7960888413242,True,41.9040827598317
7,test_full,4249,86.32796162939073,116.53023995206061,7.485292792477651,170.64612040480114,210.45423149121726,14.304393468207351,66.32835768416098,102.14373614361043,5.565237430903658,71.78367945398918,100.3032472642762,6.120615406651909,prev_day,66.32835768416098,False,-30.152418427820653
7,test_pre_covid,1440,51.04395515448677,68.79292324722687,3.891096251960343,226.16184555555554,264.13343669714027,17.551944412027858,85.22439256944446,126.2643400243274,6.616559362348823,87.78525659722223,120.22562297446572,7.069931198279836,prev_day,85.22439256944446,True,40.10640191668837
7,test_covid_onset,2809,104.4158823570026,134.5901849599301,9.327814336922263,142.1866529013884,176.72374259880735,12.639575611638632,56.64153310786757,87.22984408764754,5.0262899117576865,63.580663759344965,88.36564714296375,5.633960105852974,prev_day,56.64153310786757,False,-84.34508500706369
8,validation,8760,40.15441840054447,57.424907237735894,3.421696809334583,249.33501338470316,288.68768966213423,20.0956094232877,79.55785605022831,125.72121682217869,6.552903389371269,67.79881037100456,100.192988990079,5.73413837867544,prev_week,67.79881037100456,True,40.77415491390795
8,test_full,4249,88.00110221844479,118.42462050200517,7.650375372871984,180.42734742292305,223.05045134364806,15.123058544825248,66.29851553306659,102.11121901066285,5.561774491078301,71.7801333490233,100.30180021409177,6.12006798172648,prev_day,66.29851553306659,False,-32.73464950290472
8,test_pre_covid,1440,51.373507744140625,69.15645600361309,3.9217405325259844,243.06666624999997,282.1682855790652,18.912923453531576,85.20085812500001,126.23493599580932,6.613535875084346,87.77847187500001,120.22316365050406,7.069065990160252,prev_day,85.20085812500001,True,39.703063003462425
8,test_covid_onset,2809,106.77779714297236,136.9747257619435,9.561815091668082,148.31605546457814,185.58103865371004,13.18022996934034,56.60845738697045,87.19406608862806,5.022601691872637,63.57877789248844,88.36487787633016,5.633575588652564,prev_day,56.60845738697045,False,-88.62516675388044
9,validation,8760,41.185434301144674,58.49481739985936,3.503976933958466,261.04534288812783,300.85543405534463,21.146032861863006,79.5654919063927,125.73377021530277,6.553712350229965,67.80309505136987,100.19492342613745,5.734588678661047,prev_week,67.80309505136987,True,39.25729456753969
9,test_full,4249,87.48314497896564,118.2461301126249,7.606969065326262,187.4322570251824,231.5020674715022,15.741591417250635,66.26146194398683,102.05262642230052,5.5575111373823605,71.77087618263121,100.29770828270992,6.118984402660295,prev_day,66.26146194398683,False,-32.02718807037226
9,test_pre_covid,1440,51.418364289822044,69.11857095582164,3.9280104852926545,254.5739425,295.1377572707453,19.906614310776106,85.19082263888889,126.21641814867914,6.611616670680874,87.75075368055555,120.21300835119148,7.066069110709269,prev_day,85.19082263888889,True,39.64330581971632
9,test_covid_onset,2809,105.97132019874732,136.7510947959033,9.49294284789956,153.01288106087577,190.8222373397755,13.60644262170892,56.55755329298684,87.10399965499322,5.017136638290209,63.5789845496618,88.3649348892377,5.6334728399723195,prev_day,56.55755329298684,False,-87.36899676296254
10,validation,8760,42.93544442830961,60.196611852995275,3.647988692489369,269.04679765981734,308.1632724015063,21.945340137392,79.5680378538813,125.73871382102946,6.553989777068087,67.81022988013699,100.19855873606934,5.735313879184544,prev_week,67.81022988013699,True,36.682939278920976
10,test_full,4249,89.88590617429286,118.87738244252671,7.835471102743284,192.08902918333723,236.18795230554088,16.186242580865166,66.22809832901861,101.99231724657761,5.5536611482677145,71.75575125911979,100.29014242219107,6.117376431237761,prev_day,66.22809832901861,False,-35.721707918809905
10,test_pre_covid,1440,54.062995785115554,72.01190675598255,4.143824237380905,262.9818730555556,303.33468119227024,20.69764015523186,85.23333291666667,126.31267645518314,6.614144656284096,87.74241354166666,120.20771486618436,7.0648273101738575,prev_day,85.23333291666667,True,36.57059517081962
10,test_covid_onset,2809,108.2500894994674,136.81356404241046,9.727949381889538,155.74666707013174,192.90754662514124,13.873528979196232,56.48529384122463,86.9254355608097,5.0100170572945615,63.56038148807405,88.35563663078672,5.631677155457063,prev_day,56.48529384122463,False,-91.6429607390363
11,validation,8760,43.23193121694626,60.36286977924624,3.6861526498143933,274.67434301940636,312.28993174042245,22.572139353307257,79.57751687214612,125.76062438630363,6.555013404382584,67.81756597602741,100.20269076265559,5.736061879378262,prev_week,67.81756597602741,True,36.25260565643397
11,test_full,4249,90.60074206637776,119.37398087698179,7.893775407865604,195.75276107319368,238.65330189740837,16.554270646498885,66.18353979759944,101.88849575784937,5.5485771722016946,71.74287608849141,100.28228320033831,6.11593749604187,prev_day,66.18353979759944,False,-36.89316458964011
11,test_pre_covid,1440,54.926050788981115,73.04019491901315,4.214841240404755,269.3514592361111,308.1274621594636,21.337034899802735,85.26908229166666,126.4139369796299,6.614556839238212,87.73540291666666,120.20284368435847,7.06346369657129,prev_day,85.26908229166666,True,35.58503350475365
11,test_covid_onset,2809,108.88894265002001,137.18766982406362,9.77973667562766,158.02327536489852,193.60204494471472,14.102444186991042,56.39956642933428,86.6654140222378,5.0021155415386165,63.54449992880029,88.34553995401636,5.6301996075540215,prev_day,56.39956642933428,False,-93.06698534013057
12,validation,8760,43.745081384723264,60.9353352770274,3.7216676458285436,277.158167762557,314.3282856214895,22.942294003201365,79.5862549543379,125.78141228712944,6.555944421776807,67.82783773401826,100.20932653546858,5.737087938522327,prev_week,67.82783773401826,True,35.50571145100292
12,test_full,4249,91.13646874103648,120.95938965876347,7.921820379606408,197.31682939515179,239.91929386014365,16.736264947883107,66.13818947987762,101.781110419981,5.543500127617014,71.72397225229466,100.26916903818528,6.113942535664775,prev_day,66.13818947987762,False,-37.79704200817974
12,test_pre_covid,1440,58.23013635925293,76.68698905881949,4.457316153729554,271.8511027083333,310.4150712156774,21.672329437513646,85.26875027777777,126.41305124051382,6.611245297862688,87.7260145138889,120.19480130214454,7.061594238404031,prev_day,85.26875027777777,True,31.709874755337513
12,test_covid_onset,2809,108.005503497095,138.2638758549161,9.697856721814551,159.10773236027057,194.0949203317547,14.205850969574815,56.33113802064792,86.47500035681425,4.996133433009049,63.520718120327516,88.32863190071329,5.628140309981428,prev_day,56.33113802064792,False,-91.7332177054653
13,validation,8760,44.05649926165855,60.895937788018834,3.7577160340422924,276.06534964611876,313.82458452131414,23.033055398056984,79.59269674657533,125.79460128860048,6.556653546838246,67.83766813356165,100.21563904846847,5.738070884034007,prev_week,67.83766813356165,True,35.05599400186005
13,test_full,4249,89.96397348109943,120.54259336133303,7.811658445590142,196.33476015533066,239.84107685072166,16.71515523561483,66.10502748882091,101.71093714909121,5.53960202059218,71.70407594728171,100.2562429208129,6.111870761622957,prev_day,66.10502748882091,False,-36.09248327793727
13,test_pre_covid,1440,58.360717992078996,76.89169476317949,4.484173031984467,270.8164332638889,309.8122443372601,21.737861926929938,85.28114923611112,126.44195121610403,6.609284242515842,87.70840909722223,120.18092473816199,7.058982483988195,prev_day,85.28114923611112,True,31.56668441404286
13,test_covid_onset,2809,106.16500157087847,137.6536415592061,9.51745374483976,158.15262798148805,194.44213990134162,14.140325176699289,56.274619757920966,86.32832422285725,4.9912423197840345,63.49964741901033,88.31611621192602,5.626345350371286,prev_day,56.274619757920966,False,-88.65520909350109
14,validation,8760,44.07630336229577,60.709584845712016,3.766182491611984,272.46061541095895,311.29790994078854,22.93508762327974,79.59887970319636,125.80626173711852,6.557372541819808,67.84849046232877,100.22242256097138,5.739160740856358,prev_week,67.84849046232877,True,35.037164331949185
14,test_full,4249,91.07724567598166,123.27739675588664,7.900734350616256,194.0868327371146,238.66162769483873,16.616545597034154,66.0717315368322,101.64754359627352,5.535748642511408,71.68607975994351,100.24332030175604,6.109927031660478,prev_day,66.0717315368322,False,-37.84601002201666
14,test_pre_covid,1440,58.29314796990289,77.39877198785963,4.474000741634523,267.0584236805555,306.8554840450675,21.59477139998898,85.30549534722223,126.49621065458166,6.6081259881711,87.70291659722221,120.17606811548528,7.0572051148714205,prev_day,85.30549534722223,True,31.665424680285774
14,test_covid_onset,2809,107.8836182985354,141.12775868849687,9.657408041229889,156.67882598789603,194.65038265169872,14.064518129517268,56.21177429690282,86.17449522066518,4.986007318997719,63.475241367034535,88.29731356648827,5.624316337525996,prev_day,56.21177429690282,False,-91.92352429352087
15,validation,8760,44.06648903027121,60.97882168898812,3.763821124494309,266.5409043949772,305.82542833687086,22.597621224569057,79.606753413242,125.82110789573053,6.55825387174267,67.86169814497717,100.23149615051777,5.740485479963002,prev_week,67.86169814497717,True,35.06427007451357
15,test_full,4249,88.61983262939167,121.27054677441625,7.688366995684093,191.2704991762768,235.47763607148687,16.45965447418602,66.03489726994587,101.57741534292263,5.531651436252897,71.66740804895271,100.22710716818555,6.107890037488636,prev_day,66.03489726994587,False,-34.20151509757063
15,test_pre_covid,1440,56.26215860995823,74.84636745535691,4.32271235399536,261.4806892361111,300.7943682100495,21.26535286335403,85.31453458333334,126.51609038026766,6.605580878166403,87.68647215277778,120.16034940347178,7.054314434412312,prev_day,85.31453458333334,True,34.053254952703746
15,test_covid_onset,2809,105.20760428762739,139.19012884074886,9.413729289750227,155.27809131363475,193.63179864491067,13.996071106296409,56.15142353150588,86.03433803798004,4.981114449298304,63.45542787468851,88.28043814251781,5.62271697534193,prev_day,56.15142353150588,False,-87.36409100758895
16,validation,8760,45.1389047686684,62.03633352651607,3.860238860547098,256.467339326484,295.90513604231455,21.83907608229603,79.61184668949771,125.8302233061881,6.558825471215729,67.8733853824201,100.23950174297293,5.7416563289391265,prev_week,67.8733853824201,True,33.49542753121633
16,test_full,4249,89.59179148563449,121.11652586571499,7.765285266863198,185.95494565780186,228.900888616403,16.054785920625797,66.00592647681808,101.52436697691813,5.528520662714675,71.65833977406449,100.21800614868964,6.106827608128301,prev_day,66.00592647681808,False,-35.732950460289345
16,test_pre_covid,1440,59.40465281806098,78.86251689326464,4.559406772106625,251.96271993055552,290.3672303430973,20.546179144097522,85.29467548611112,126.47947999591395,6.600998097961824,87.69148701388889,120.16550189339193,7.053303684279028,prev_day,85.29467548611112,True,30.353621161576395
16,test_covid_onset,2809,105.06686435188792,137.84397188823596,9.408740244595295,152.11685560697757,189.8248905881185,13.752327308379703,56.117781737273056,85.96719153061441,4.978728029480109,63.43914004983981,88.26121194459287,5.621628053248611,prev_day,56.117781737273056,False,-87.22561922311908
17,validation,8760,45.12711201433852,61.96379406936803,3.8606088014080227,241.44076763127853,281.4398240555853,20.603141664070716,79.61436901826484,125.83460474754527,6.559112587769661,67.88208704908675,100.2440293251231,5.742534154995729,prev_week,67.88208704908675,True,33.521325026871516
17,test_full,4249,87.76586834471163,119.33756988480464,7.604465115245228,178.4126491174394,218.66195798849404,15.429471721475025,65.97219129206873,101.47186671010034,5.525005961429673,71.6542690280066,100.21469069726912,6.1063163247327745,prev_day,65.97219129206873,False,-33.03464175709891
17,test_pre_covid,1440,58.45712384596082,77.7466095076377,4.484774420555718,237.74800243055554,275.39016711209666,19.389153556298716,85.24013027777778,126.39736179334264,6.593629331922987,87.72329597222223,120.19545606997472,7.054810739400327,prev_day,85.24013027777778,True,31.420654032950633
17,test_covid_onset,2809,102.79064302545251,135.80687758129983,9.203736955883494,147.99509526521896,182.8811248213211,13.399588545203711,56.09471456034176,85.93533982459122,4.977189068047554,63.416676005695976,88.23460460732244,5.620082092934528,prev_day,56.09471456034176,False,-83.24479201133894
18,validation,8760,45.286523704081496,62.41965496558437,3.8737513603181055,222.0147492408676,262.60328705456925,18.94491476164205,79.61546135844749,125.8363443015155,6.559219452994566,67.89083235730594,100.24857921219545,5.743418918044635,prev_week,67.89083235730594,True,33.29508251461572
18,test_full,4249,86.31114566596091,117.47784437631591,7.474516811357504,168.00147060484818,205.07585560164156,14.545733287793125,65.94554504589314,101.43284570567795,5.522126850107159,71.65049835255356,100.21158844781012,6.105786990701981,prev_day,65.94554504589314,False,-30.882450976627517
18,test_pre_covid,1440,57.74641775594076,77.04019344116574,4.436083025224199,218.86746194444447,256.1377151356215,17.827013098256646,85.1523213888889,126.29870622451908,6.583688099854122,87.7736611111111,120.24854432467282,7.0577237495661596,prev_day,85.1523213888889,True,32.18456430305163
18,test_covid_onset,2809,100.9545092082995,133.54167298139495,9.03213327701502,141.92563310786755,173.15676775344383,12.863624734191315,56.099422605909574,85.94001541983558,4.977930267823206,63.38515325738697,88.1921835388367,5.617788082633481,prev_day,56.099422605909574,False,-79.9564140213893
19,validation,8760,45.277686482178844,62.07124353521327,3.8706643549237474,198.66440916666664,240.31452822204815,16.919096168391732,79.62012376712329,125.84301816704196,6.559653427738484,67.89675577054794,100.25143900335135,5.743964645795683,prev_week,67.89675577054794,True,33.31391762635695
19,test_full,4249,80.75091050368928,108.85071505380776,6.974515246345314,154.46493850317722,188.83400909721257,13.3682053360678,65.933558602024,101.41215351484493,5.520907708512772,71.65332932454695,100.21385856235804,6.105980372988199,prev_day,65.933558602024,False,-22.47315663803779
19,test_pre_covid,1440,58.008775825466586,76.7171966456386,4.4494002670721935,196.40482986111107,233.71207330545542,15.941539664509689,85.067699375,126.20512209716038,6.575302063968451,87.82103090277778,120.29125907570304,7.060995910215617,prev_day,85.067699375,True,31.80869325059658
19,test_covid_onset,2809,92.40939179120824,122.0873153955248,8.268985011440826,132.96495859736564,161.0500040769813,12.049016502690685,56.124671911712355,85.97354859630136,4.980385148222215,63.365151940192234,88.16621984525334,5.616403166292762,prev_day,56.124671911712355,False,-64.65021289848079
20,validation,8760,45.35538779107359,62.601791268674056,3.8773854112875,173.2580163812785,215.27588387301012,14.69402191198018,79.62276014840182,125.84645156098505,6.559887683131869,67.90433936643836,100.25454087388641,5.744638050801077,prev_week,67.90433936643836,True,33.20693756209278
20,test_full,4249,78.8248068295711,108.60156371875863,6.787535441866764,138.08154233937398,170.40746525768157,11.927080783680406,65.92774219816427,101.40279979520817,5.520384563330879,71.654415815486,100.21468827872827,6.106073361492329,prev_day,65.92774219816427,False,-19.562424256303363
20,test_pre_covid,1440,59.043274877997504,78.65880158855876,4.524481211159461,171.55241118055557,209.35355988721005,13.836008183448095,84.95651520833334,126.12106272329176,6.565291096154971,87.88256763888889,120.35187874693327,7.0649923625773505,prev_day,84.95651520833334,True,30.50176936611687
20,test_covid_onset,2809,88.96557080616991,121.11444208713145,7.947662922186635,120.92310477038092,146.48099498972073,10.948492155818009,56.17287102171592,86.02008322521569,4.984725820978904,63.33524934140264,88.12522714344188,5.614495091089184,prev_day,56.17287102171592,False,-58.37818005025349
21,validation,8760,43.865956524552296,60.81541887933173,3.7441716837089016,146.97496941780824,187.86004798720268,12.379037280507115,79.62583294520547,125.84906309780719,6.560173938484501,67.91094748287671,100.25819061300072,5.745226643390451,prev_week,67.91094748287671,True,35.40664922159596
21,test_full,4249,70.58100011006727,99.31315646332715,6.060687210674121,119.14577267592374,150.0078049495046,10.24816862890882,65.9342507884208,101.41141588436031,5.521009570947003,71.6494507884208,100.21103345229298,6.1056552428099025,prev_day,65.9342507884208,False,-7.047550045813999
21,test_pre_covid,1440,53.28802005242242,71.9550773200217,4.056166970246268,146.19447611111113,183.51435609960262,11.680171138303612,84.8822770138889,126.08163977973533,6.5586099477152215,87.92611513888889,120.39372508612742,7.0675975449257615,prev_day,84.8822770138889,True,37.22126464196626
21,test_covid_onset,2809,79.44603794666696,110.74792995565427,7.088280356354472,105.27958081167677,129.5126308315801,9.514069798887995,56.22077347810609,86.06506225341342,4.989096241453862,63.30541495194019,88.08963128430297,5.612527113565747,prev_day,56.22077347810609,False,-41.31082344074371
22,validation,8760,44.09001905819688,61.15698496880735,3.7563175290279935,121.11450046232878,160.32562842799996,10.114882348597211,79.62775855022831,125.85000237347877,6.5603529296280065,67.92049621575343,100.26254393256376,5.746076842996859,prev_week,67.92049621575343,True,35.08584077751382
22,test_full,4249,71.77488068031172,101.99602315716064,6.157935355851399,99.17250030595434,128.92813992800885,8.475214106552025,65.9520371146152,101.43028732138822,5.522711237324273,71.63865575429513,100.20407444966565,6.10472882623157,prev_day,65.9520371146152,False,-8.828906308954888
22,test_pre_covid,1440,52.45586380364311,70.84839462113133,3.980752093875624,122.35226506944444,157.84388809710524,9.6698345889419,84.85964423611111,126.07203107350946,6.556345402016481,87.96029395833335,120.42555694227701,7.06971789653994,prev_day,84.85964423611111,True,38.185147633082956
22,test_covid_onset,2809,81.67854187732235,114.73044255423119,7.274042118843608,87.28967322890709,111.227490478267,7.862806312090859,56.259280170879315,86.1059071417576,4.992831138656855,63.271564613741546,88.0553447468398,5.6100388079887615,prev_day,56.259280170879315,False,-45.18234436920584
23,validation,8760,43.715562037247615,60.953777708897455,3.7292750156566363,96.25871997716895,136.42767292547046,7.976855836351243,79.63091311643836,125.85111473852182,6.560657361950656,67.92999701484018,100.26717664103552,5.746965331353601,prev_week,67.92999701484018,True,35.64615934298159
23,test_full,4249,70.1583124261545,99.8546071217917,6.019830325863355,79.35235175335373,109.95987194474121,6.716971344627071,65.97193021887503,101.44998770410527,5.524658624969696,71.62647126382679,100.19621680843254,6.1036174981704026,prev_day,65.97193021887503,False,-6.345702169680813
23,test_pre_covid,1440,51.943764069485134,70.58944364586397,3.945701820304727,100.08676381944444,135.81154096735736,7.818301875183301,84.8631988888889,126.07374404166502,6.556189659740053,87.98118944444445,120.44386968857255,7.070738550191984,prev_day,84.8631988888889,True,38.79117833220625
23,test_covid_onset,2809,79.4957811458426,111.9286294144137,7.083107309844994,68.72310526877894,93.9897671884354,6.1523875197780225,56.28754898540405,86.13972119470998,4.995856670512838,63.24242207191172,88.02897586221683,5.60783454519387,prev_day,56.28754898540405,False,-41.23155578591046
24,validation,8760,43.13044500610909,60.44161651578404,3.6782325956391726,79.62934481735161,125.85093574141294,6.560508074123788,79.62934481735161,125.85093574141294,6.560508074123788,67.93666872716894,100.26914321872778,5.747584757815961,prev_week,67.93666872716894,True,36.513747561984076
24,test_full,4249,64.023647846736,90.04012115943155,5.483012036195646,65.99213800894329,101.46003159525907,5.52666259896984,65.99213800894329,101.46003159525907,5.52666259896984,71.62114648152506,100.19369431824798,6.1031725054762545,persistence,65.99213800894329,True,2.9829161800160464
24,test_pre_covid,1440,51.032167623494466,70.95565552798558,3.866375816102627,84.88535819444445,126.07786556709515,6.557992726821384,84.88535819444445,126.07786556709515,6.557992726821384,88.03336319444445,120.4855960478735,7.0747182157888195,persistence,84.88535819444445,True,39.881071707800835
24,test_covid_onset,2809,70.6835736286754,98.39874457382778,6.311761113067823,56.306756354574574,86.15452149671222,4.997963637023871,56.306756354574574,86.15452149671222,4.997963637023871,63.20762135991456,87.99535428253229,5.605121304746423,persistence,56.306756354574574,False,-25.533023396992043
