horizon,direct_bias,direct_mae,direct_std,prevday_bias,prevday_mae,prevday_std,period
1,-7.108622854166665,21.90735782638889,32.65380286239485,-1.8277263194444446,85.30675923611112,126.33599302206268,pre_covid
2,-20.580630104166662,32.74221790972222,42.68540218497112,-1.8516338194444446,85.28285173611111,126.3250849982668,pre_covid
3,-28.362189409722223,39.266548951388884,47.062158198703216,-1.878383125,85.25610243055556,126.31582183797818,pre_covid
4,-34.66170274305556,45.47814384027777,52.665723609931824,-1.8837311111111115,85.25075444444444,126.31427446897811,pre_covid
5,-35.222497590277776,47.080036506944445,54.52046879508989,-1.8943424305555558,85.240143125,126.3108610973505,pre_covid
6,-38.52330067361111,48.520592354166666,53.903194639544154,-1.8855423611111115,85.24894319444444,126.31548200729463,pre_covid
7,-40.513215,51.04395347222223,55.61738599078702,-1.9100929861111113,85.22439256944446,126.29375112385199,pre_covid
8,-41.71978552777777,51.37350847222222,55.174169605880785,-1.9336274305555559,85.20085812500001,126.26397504771543,pre_covid
9,-41.33058751388889,51.418364374999996,55.41924114364012,-1.943662916666667,85.19082263888889,126.2452943798276,pre_covid
10,-43.24443015972222,54.0629959375,57.601545857575275,-1.9011526388888895,85.23333291666667,126.34224481977597,pre_covid
11,-43.562975451388894,54.92605186805555,58.64747213136295,-1.8654032638888896,85.26908229166666,126.44408481676057,pre_covid
12,-48.40727426388889,58.23013733333333,59.49864434067215,-1.8657352777777783,85.26875027777777,126.44319377144555,pre_covid
13,-48.25614233333334,58.36071797222222,59.884621178265704,-1.8533363194444445,85.28114923611112,126.47228936554639,pre_covid
14,-48.931224541666666,58.29314859722222,59.99003599898217,-1.8289902083333336,85.30549534722223,126.52692800349412,pre_covid
15,-47.267960590277774,56.26215864583333,58.05220845862468,-1.8199509722222227,85.31453458333334,126.54694712658139,pre_covid
16,-51.38005768055556,59.40465202777777,59.84875669261487,-1.8398100694444448,85.29467548611112,126.51003278527286,pre_covid
17,-50.17505085416666,58.457124534722226,59.409179595643,-1.8943552777777781,85.24013027777778,126.42707127245744,pre_covid
18,-49.152776020833336,57.746417548611106,59.34342027269908,-1.9821641666666667,85.1523213888889,126.32702213835447,pre_covid
19,-49.810310923611105,58.008775854166664,58.3680323758277,-2.066786180555556,85.067699375,126.2320358788179,pre_covid
20,-50.78656193750001,59.043276229166665,60.08693304021127,-2.1779703472222227,84.95651520833334,126.14606408306769,pre_covid
21,-44.19574291666667,53.28802047222222,56.80237817617138,-2.2522085416666675,84.8822770138889,126.10531663790361,pre_covid
22,-42.0259745625,52.4558645625,57.057630799741,-2.2748413194444446,84.85964423611111,126.09529649897783,pre_covid
23,-40.78474895138889,51.94376386805555,57.63489054953924,-2.2712866666666667,84.8631988888889,126.09707446303497,pre_covid
24,-38.07140220833333,51.032168375,59.897954523259465,-2.2491273611111113,84.88535819444445,126.10159554286312,pre_covid
1,3.693308180847274,23.65694869348523,31.068616795745523,0.8684186899252402,56.71053403346387,87.27318871119985,covid_onset
2,10.936541950872195,49.62336189391244,66.97092705319407,0.8493203631185474,56.70218743325026,87.27081043654687,covid_onset
3,20.373874677821284,72.03847835884658,94.90324187294691,0.8367892488430045,56.69863503025988,87.27021486078165,covid_onset
4,27.015668447846206,87.4841086258455,115.03755984452421,0.8225792452830187,56.69092221431114,87.26858550617284,covid_onset
5,25.518268344606618,94.54745199003204,123.24304902599752,0.8042377358490566,56.687139195443216,87.26763941858626,covid_onset
6,25.573745482378065,100.33959081523675,128.9845534325574,0.7696689213243147,56.671350587397654,87.25916362955824,covid_onset
7,28.28162005695977,104.41588248487007,131.60863976780036,0.7398514417942329,56.64153310786757,87.24223689574298,covid_onset
8,28.912273147027406,106.77779791740834,133.91243433461682,0.7067757208971165,56.60845738697045,87.20672567496126,covid_onset
9,31.55525128871484,105.97132090067642,133.08431014793283,0.6558716269134924,56.55755329298684,87.11703849539359,covid_onset
10,29.653458875044496,108.2500895478818,133.58509093035198,0.5836121751512995,56.48529384122463,86.93895281933507,covid_onset
11,31.234547208971158,108.88894255962978,133.60843839312963,0.497884763260947,56.39956642933428,86.67941410695467,covid_onset
12,36.70179300106799,108.00550318262728,133.32743913721774,0.42945635457458176,56.33113802064792,86.48933036633832,covid_onset
13,42.65187302242791,106.16500238519046,130.9024188607614,0.37293809184763255,56.274619757920966,86.34288901424631,covid_onset
14,52.41462056959772,107.88361782840867,131.05673016524776,0.3100926308294767,56.21177429690282,86.18928029217874,covid_onset
15,56.64592824492701,105.20760464222143,127.16480565128775,0.24974186543253826,56.15142353150588,86.04929363628207,covid_onset
16,54.70954756140975,105.06686496974011,126.54456458333006,0.2161000711997152,56.117781737273056,85.98222605673473,covid_onset
17,55.697863816304725,102.7906419508722,123.88187582759994,0.19303289426842293,56.09471456034176,85.95042349957731,covid_onset
18,54.7249516731933,100.95450891776431,121.83530851505374,0.19774093983624066,56.099422605909574,85.95508923329335,covid_onset
19,45.46960644357422,92.40939238163047,113.32431163456755,0.22299024563901748,56.124671911712355,85.98856667617582,covid_onset
20,51.38752136703453,88.96557033107868,109.69190596138064,0.27118935564257746,56.17287102171592,86.0349712713513,covid_onset
21,46.75298628337487,79.44603729085084,100.41340367739103,0.31909181203275205,56.22077347810609,86.07979423055687,covid_onset
22,49.71902526165895,81.67854174439303,103.41615095341551,0.35759850480598093,56.259280170879315,86.12049533526921,covid_onset
23,47.5992196974012,79.49578090779636,101.32120765198587,0.3858673193307228,56.28754898540405,86.1541936843263,covid_onset
24,38.47689631185475,70.68357488786046,90.58014424330935,0.40507468850124617,56.306756354574574,86.16890858667183,covid_onset
