horizon,split,n,model_MAE,model_RMSE,model_MAPE,baseline_MAE,baseline_RMSE,baseline_MAPE,improvement_MAE_pct,improvement_RMSE_pct,improvement_MAPE_pct
1,validation,8760,35.567153416697884,51.23457788957046,3.0640663735384526,46.45918200913242,60.612125541059726,3.8172165215263365,23.444296953600052,15.471405379335772,19.730349162555033
1,test,4249,81.502269634767,111.91631280329572,7.075027117562334,38.11919552835961,49.26444278527084,3.2333976875658683,-113.8089970291519,-127.17462428450858,-118.81091660235829
2,validation,8760,36.15059459525052,52.10971799228113,3.11176244240065,85.72758738584474,110.33924290293075,7.030071444876832,57.83085037428726,52.773177863723554,55.73640372220756
2,test,4249,82.24251880594147,112.6940666513103,7.13524371614232,69.77673927983055,88.67547737571009,5.896321406184864,-17.865236545546406,-27.085943021017624,-21.011783866766585
3,validation,8760,37.39029367199763,53.67909356467596,3.209658077400594,119.79764354452055,153.05888775965127,9.766721084804216,68.78879035871668,64.92912345673885,67.13678982402378
3,test,4249,83.72791535303803,114.10976687251552,7.261942229397294,97.65371254412803,121.64460285014316,8.244044896833486,14.260386859124448,6.194139157090247,11.91287383470479
4,validation,8760,38.632738770278166,55.185341931086874,3.3063140643778,152.21801875570776,190.25816478574484,12.32378359840495,74.62012770493405,70.99449477333462,73.17127456858516
4,test,4249,85.08233263320689,115.38265308845853,7.37832140088181,121.64129395151801,149.8319699420377,10.250408138870421,30.05472905679732,22.99196684586463,28.01924273724686
5,validation,8760,39.407777605158834,56.201262520982695,3.369472153912936,182.88053337328768,221.97690293640719,14.733211443325548,78.45162802280251,74.68148182196981,77.13009029379418
5,test,4249,86.11293662971251,116.50496723341412,7.471397915724285,141.67894059778772,173.64259055608358,11.912350714744873,39.219663651933644,32.90530459128055,37.280238849278206
6,validation,8760,40.17904658469562,57.15877884756937,3.4300590536378204,209.84298858447488,249.00676424618538,16.877146494019048,80.85280482529869,77.0452907090274,79.67630929284539
6,test,4249,86.74355973503415,117.17998553072867,7.52905132056519,158.02602384090375,193.82177865211582,13.265919576601593,45.10805396055198,39.54240522111239,43.24516082665752
7,validation,8760,40.88005721418824,57.94596662538718,3.4870458113167766,232.01209771689497,271.4049534846357,18.662778766307902,82.38020447361724,78.64962821002179,81.3155058258957
7,test,4249,87.37698283723007,117.88888524308821,7.583775742772432,170.64612040480114,210.45423149121726,14.304393468207351,48.796384805023834,43.983599470648805,46.982891937166194
8,validation,8760,41.56641906733822,58.70331094819342,3.5426820268369505,249.33501338470316,288.68768966213423,20.0956094232877,83.3290886413916,79.66546096340413,82.37086543525508
8,test,4249,88.09713702684178,118.60627236690316,7.646359850161927,180.42734742292305,223.05045134364806,15.123058544825248,51.173068669938694,46.8253609654573,49.43906467400188
9,validation,8760,42.16742649038376,59.297819799151895,3.592490659317521,261.04534288812783,300.85543405534463,21.146032861863006,83.84670416876396,80.29026133919069,83.01104191606267
9,test,4249,88.4956755129194,118.98535552795211,7.679095626571596,187.4322570251824,231.5020674715022,15.741591417250635,52.78524789837557,48.60289723218167,51.21779353162251
10,validation,8760,42.63793925120175,59.726570695435704,3.63170985276761,269.04679765981734,308.1632724015063,21.945340137392,84.15222198440246,80.61853048548308,83.45111157981256
10,test,4249,88.70285139943314,119.2021879432591,7.695988968420002,192.08902918333723,236.18795230554088,16.186242580865166,53.822010670493995,49.53079241355417,52.45351767112435
11,validation,8760,43.11631523003844,60.16346267672836,3.673204595326495,274.67434301940636,312.28993174042245,22.572139353307257,84.30275112117329,80.73474148159966,83.7268212027572
11,test,4249,88.60185823088888,119.20308927685018,7.682346413800524,195.75276107319368,238.65330189740837,16.554270646498885,54.737875601274474,50.051774549470565,53.59296354487664
12,validation,8760,43.43384156130717,60.41575275555033,3.7014617337867906,277.158167762557,314.3282856214895,22.942294003201365,84.32886105722955,80.77940945209676,83.86620913640856
12,test,4249,88.4938010912724,118.914145772134,7.672439177637851,197.31682939515179,239.91929386014365,16.736264947883107,55.15141746269781,50.43577202196472,54.156801403838294
13,validation,8760,43.917442803336364,60.752537675897685,3.7437511591962633,276.06534964611876,313.82458452131414,23.033055398056984,84.09164972727181,80.64124333389454,83.74618089308255
13,test,4249,88.61707374554582,118.97146804693868,7.681953175423126,196.33476015533066,239.84107685072166,16.71515523561483,54.864297246480334,50.39570802086285,54.04198724367658
14,validation,8760,44.426673928534804,61.18890498267232,3.7883158717468417,272.46061541095895,311.29790994078854,22.93508762327974,83.69427674472328,80.34393967042344,83.48244430554693
14,test,4249,88.57414244275307,118.78671673119858,7.678740971425343,194.0868327371146,238.66162769483873,16.616545597034154,54.36365198316964,50.227978465359534,53.788584236209104
15,validation,8760,44.84908051665285,61.5712746582758,3.8250977324826256,266.5409043949772,305.82542833687086,22.597621224569057,83.17365936066884,79.86718272803195,83.07300713438003
15,test,4249,88.53626184396329,118.68648497440323,7.676009986343536,191.2704991762768,235.47763607148687,16.45965447418602,53.71149119950411,49.597555439034515,53.36469548384527
16,validation,8760,45.18977054072132,61.87710995059966,3.85555565539297,256.467339326484,295.90513604231455,21.83907608229603,82.37991213251736,79.0888692307959,82.3456100392521
16,test,4249,88.43543722114303,118.51123024119083,7.667504873576646,185.95494565780186,228.900888616403,16.054785920625797,52.44254628006304,48.22596322909236,52.24162494919287
17,validation,8760,45.62461167210688,62.201252322857,3.8933579734991017,241.44076763127853,281.4398240555853,20.603141664070716,81.1031864586417,77.8989158582717,81.10308594204044
17,test,4249,88.39221598910223,118.28112478432367,7.662477803786946,178.4126491174394,218.66195798849404,15.429471721475025,50.45630653075589,45.90685738277913,50.33868986504465
18,validation,8760,45.95271662404796,62.45173104473444,3.92238133857387,222.0147492408676,262.60328705456925,18.94491476164205,79.30195323456053,76.21822188701054,79.29586177650398
18,test,4249,88.18555833500346,118.05417889875987,7.642848222995173,168.00147060484818,205.07585560164156,14.545733287793125,47.50905571390956,42.43389669036451,47.45642538758014
19,validation,8760,46.235644535196386,62.71877889047895,3.945667324415126,198.66440916666664,240.31452822204815,16.919096168391732,76.7267601030602,73.90137859974598,76.67920741660879
19,test,4249,87.95571779699543,117.81530195233952,7.620287901778743,154.46493850317722,188.83400909721257,13.3682053360678,43.05781062724066,37.60906601750552,42.99692658655543
20,validation,8760,46.51834954976678,62.9422432706691,3.968080049448677,173.2580163812785,215.27588387301012,14.69402191198018,73.15082411690744,70.7620555826874,72.9952760842594
20,test,4249,87.62820298128511,117.50772019515813,7.589066347669539,138.08154233937398,170.40746525768157,11.927080783680406,36.53880055459236,31.043091323805044,36.37113317741998
21,validation,8760,46.69123464060048,63.11481876767777,3.9811328245053823,146.97496941780824,187.86004798720268,12.379037280507115,68.23184599013557,66.40327762932475,67.83972182736416
21,test,4249,87.23771451713363,117.31815166705984,7.551046411246346,119.14577267592374,150.0078049495046,10.24816862890882,26.78068843078467,21.791968286882604,26.318089751706708
22,validation,8760,46.836533139046445,63.328911529385614,3.9926377681414484,121.11450046232878,160.32562842799996,10.114882348597211,61.32871542197014,60.499820178265665,60.52709630680806
22,test,4249,87.0225139684981,117.22053915902366,7.529968833076023,99.17250030595434,128.92813992800885,8.475214106552025,12.251366356573296,9.080717968569548,11.15305479710833
23,validation,8760,46.96370973421001,63.4509451739462,4.001563654195488,96.25871997716895,136.42767292547046,7.976855836351243,51.21095549021526,53.491147497173074,49.8353268970964
23,test,4249,86.85645799312614,117.12638997905268,7.512438816154766,79.35235175335373,109.95987194474121,6.716971344627071,-9.456690411768747,-6.517393943413192,-11.842650961493124
24,validation,8760,46.84086157052654,63.34768294383161,3.9895892658829166,79.62934481735161,125.85093574141294,6.560508074123788,41.176382051155976,49.66451177288609,39.18780038365
24,test,4249,86.91206926204603,117.197384991452,7.5149634598717405,65.99213800894329,101.46003159525907,5.52666259896984,-31.700641749578818,-15.510889508660759,-35.97651974036766
