period,horizon,pooled_MAE,strongest_baseline,strongest_baseline_MAE,pooled_beats_baseline
pre_covid,1,52.27342992601182,persistence,44.95000756944444,False
pre_covid,2,52.66644078335232,persistence,83.13169958333333,True
pre_covid,3,54.02547593980577,prev_day,85.25610243055556,True
pre_covid,4,55.264739255710175,prev_day,85.25075444444444,True
pre_covid,5,55.79666243577745,prev_day,85.240143125,True
pre_covid,6,56.158675111423065,prev_day,85.24894319444444,True
pre_covid,7,56.47207328715006,prev_day,85.22439256944446,True
pre_covid,8,57.13205017734104,prev_day,85.20085812500001,True
pre_covid,9,57.52411402662489,prev_day,85.19082263888889,True
pre_covid,10,57.82281575283475,prev_day,85.23333291666667,True
pre_covid,11,57.869676293131505,prev_day,85.26908229166666,True
pre_covid,12,57.86197629984539,prev_day,85.26875027777777,True
pre_covid,13,58.139941299845376,prev_day,85.28114923611112,True
pre_covid,14,58.45165654045953,prev_day,85.30549534722223,True
pre_covid,15,58.67353679185655,prev_day,85.31453458333334,True
pre_covid,16,58.85883711066352,prev_day,85.29467548611112,True
pre_covid,17,59.3957895244005,prev_day,85.24013027777778,True
pre_covid,18,59.531220366007474,prev_day,85.1523213888889,True
pre_covid,19,59.7187447350396,prev_day,85.067699375,True
pre_covid,20,59.84610900085449,prev_day,84.95651520833334,True
pre_covid,21,59.98252854756674,prev_day,84.8822770138889,True
pre_covid,22,60.21341068732367,prev_day,84.85964423611111,True
pre_covid,23,60.45275191691081,prev_day,84.8631988888889,True
pre_covid,24,60.55089921963162,persistence,84.88535819444445,True
covid_onset,1,96.48608208781346,persistence,34.617462050551794,False
covid_onset,2,97.4043387961616,prev_day,56.70218743325026,False
covid_onset,3,98.95451298744686,prev_day,56.69863503025988,False
covid_onset,4,100.36796255972709,prev_day,56.69092221431114,False
covid_onset,5,101.65420926740082,prev_day,56.687139195443216,False
covid_onset,6,102.42253227259201,prev_day,56.671350587397654,False
covid_onset,7,103.22001229686528,prev_day,56.64153310786757,False
covid_onset,8,103.97101565385535,prev_day,56.60845738697045,False
covid_onset,9,104.37287328446232,prev_day,56.55755329298684,False
covid_onset,10,104.53312955219273,prev_day,56.48529384122463,False
covid_onset,11,104.3563409615299,prev_day,56.39956642933428,False
covid_onset,12,104.19683694020614,prev_day,56.33113802064792,False
covid_onset,13,104.24080842757097,prev_day,56.274619757920966,False
covid_onset,14,104.01607184798722,prev_day,56.21177429690282,False
covid_onset,15,103.84502797961073,prev_day,56.15142353150588,False
covid_onset,16,103.59752485342871,prev_day,56.117781737273056,False
covid_onset,17,103.25688459329248,prev_day,56.09471456034176,False
covid_onset,18,102.87485939422531,prev_day,56.099422605909574,False
covid_onset,19,102.43106176610058,prev_day,56.124671911712355,False
covid_onset,20,101.87035867079032,prev_day,56.17287102171592,False
covid_onset,21,101.20975716440182,prev_day,56.22077347810609,False
covid_onset,22,100.76587770110443,prev_day,56.259280170879315,False
covid_onset,23,100.3919997338702,prev_day,56.28754898540405,False
covid_onset,24,100.42580541764471,persistence,56.306756354574574,False
