period,horizon,n,A_direct_MAE,A_direct_RMSE,B_prevday_MAE,B_prevday_RMSE,C_regime_hybrid_MAE,C_regime_hybrid_RMSE,D_per_horizon_select_MAE,D_per_horizon_select_RMSE,E_bias_corrected_MAE,E_bias_corrected_RMSE,F_full_principled_MAE,F_full_principled_RMSE
full_test,1,4249,23.06400662508826,32.01807978760933,66.40188830313016,102.17905359571317,28.421776219565448,44.57989546107503,23.06400662508826,32.01807978760933,22.869840101886716,31.21668515739414,28.141693570560022,44.09992303204764
full_test,2,4249,43.9022869734055,61.67430189156706,66.38826806307367,102.17318339316284,43.87051693279853,63.28500536790499,43.9022869734055,61.67430189156706,42.40905690162391,58.429469545190834,42.03994064496969,60.72598673521936
full_test,3,4249,60.931964273946804,85.14261346890042,66.37685415391857,102.16906568949955,56.06492793380152,80.02982677430225,60.931964273946804,85.14261346890042,59.41267730240448,79.90632082504392,53.84917045647996,75.70541434386007
full_test,4,4249,73.24814974346906,102.83300263209418,66.36994278653802,102.16745511798126,64.832291086023,93.10277836089773,73.24814974346906,102.83300263209418,72.29747180482242,96.2594210295513,62.587688605540244,87.49533299321259
full_test,5,4249,78.46058959990586,109.06582357957456,66.3638456342669,102.16546180465079,68.61542867931242,97.93638863447585,78.46058959990586,109.06582357957456,77.26271225494234,102.9484754756245,65.95833508303075,92.48777851730176
full_test,6,4249,82.77796271828664,113.640197573227,66.35639020946105,102.16238109777483,71.63614296383156,101.21324799898335,82.77796271828664,113.640197573227,80.2053457725067,107.04002066476534,67.91714936997782,95.22725759881008
full_test,7,4249,86.32796114379855,116.53023970982954,66.32835768416098,102.14373614361043,74.51996114680937,103.81660000904584,86.32796114379855,116.53023970982954,82.49297988407636,108.9214777194655,69.82631487820663,96.94742027448119
full_test,8,4249,88.0011029771711,118.42462102415898,66.29851553306659,102.11121901066285,75.50510887400897,104.92425400329965,88.0011029771711,118.42462102415898,83.84753679650113,110.80231197417429,70.59510523745082,98.10491913921344
full_test,9,4249,87.48314547187573,118.24613108922163,66.26146194398683,102.05262642230052,75.21643857812592,104.82817785869352,87.48314547187573,118.24613108922163,83.4819156134917,109.94431084153784,70.26564927253192,97.26747938116411
full_test,10,4249,89.88590625794303,118.8773825623688,66.22809832901861,101.99231724657761,76.88198072917433,105.17034913407205,89.88590625794303,118.8773825623688,84.6385422840108,111.32061080847195,71.0862948768618,98.28598027906425
full_test,11,4249,90.6007423723229,119.3739811116445,66.18353979759944,101.88849575784937,77.67666650792833,105.97087728379414,90.6007423723229,119.3739811116445,85.21793250418865,111.29670710832464,71.72100201848615,98.50041815938019
full_test,12,4249,91.13646886326195,120.9593898377219,66.13818947987762,101.781110419981,78.26467738817682,107.40213635377835,91.13646886326195,120.9593898377219,84.25422990545395,110.95353554396816,70.92069134265485,98.25957973182335
full_test,13,4249,89.96397401270889,120.54259421812097,66.10502748882091,101.71093714909121,77.59931649301214,107.40633920962549,89.96397401270889,120.54259421812097,82.68639869323594,108.68703468601255,70.03008203877103,96.85229968496432
full_test,14,4249,91.077245577783,123.27739717222651,66.0717315368322,101.64754359627352,78.47600740744146,109.71260704730676,91.077245577783,123.27739717222651,82.58389333380963,108.28706223243579,70.06275377389917,96.63392746138854
full_test,15,4249,88.61983287597081,121.27054728019543,66.03489726994587,101.57741534292263,76.7553686190179,108.41020006088752,88.61983287597081,121.27054728019543,79.49924476523887,104.83968072893177,67.94548138231404,94.15267748548933
full_test,16,4249,89.591791626265,121.11652600902441,66.00592647681808,101.52436697691813,77.72717735533362,108.41932632406059,89.591791626265,121.11652600902441,79.57399658348183,104.68035460476429,68.2298222853977,94.24782377259264
full_test,17,4249,87.76586786773359,119.33756935833858,65.97219129206873,101.47186671010034,76.6095896902672,107.25990594952289,87.76586786773359,119.33756935833858,77.65790859721896,102.22147294680475,67.25776613386623,92.83969391590274
full_test,18,4249,86.3111454036244,117.47784407094115,65.94554504589314,101.43284570567795,75.3871734414991,105.51141356166072,86.3111454036244,117.47784407094115,77.11036894052101,100.96712265284437,66.88056540800916,92.0996972221724
full_test,19,4249,80.75091090374205,108.85071610260054,65.933558602024,101.41215351484493,71.87875581474134,99.28910392978082,80.75091090374205,108.85071610260054,72.72599431965786,94.91731857968192,64.05155097175525,87.90585725352571
full_test,20,4249,78.82480697340552,108.60156389275896,65.92774219816427,101.40279979520817,70.59506692898329,99.34223613290149,78.82480697340552,108.60156389275896,70.21242976661176,92.11397617358546,62.25413035659651,85.93827536576252
full_test,21,4249,70.5809998187809,99.31315623786455,65.9342507884208,101.41141588436031,64.2461331936099,91.8648743688946,70.5809998187809,99.31315623786455,65.49429309004078,85.49672202732397,58.84591048861637,80.92905129034042
full_test,22,4249,71.77488084961168,101.99602283258642,65.9520371146152,101.43028732138822,65.16334704450219,93.87316413638548,71.77488084961168,101.99602283258642,66.32321680088592,87.05374883452066,59.33668692083011,82.2430105453569
full_test,23,4249,70.15831220051777,99.85460739082971,65.97193021887503,101.44998770410527,63.99896067353623,92.32691729194005,70.15831220051777,99.85460739082971,65.78035841382845,86.42616283191487,58.94998713222439,81.74767166129206
full_test,24,4249,64.0236489338668,90.04012225329988,65.99213800894329,101.46003159525907,59.77883030664844,85.54392516541105,64.0236489338668,90.04012225329988,61.6597946004522,80.24091870871001,56.84601871640666,77.8629285189069
pre_covid,1,1440,21.90735782638889,33.40752751097964,85.30675923611112,126.30534366840483,21.90735963663737,33.40752846564385,21.90735782638889,33.40752751097964,21.316067038855817,32.51777851707971,21.316067038855817,32.51777851707971
pre_covid,2,1440,32.74221790972222,47.3744718930956,85.28285173611111,126.29478882502181,32.742217408175996,47.37447176322615,32.74221790972222,47.3744718930956,28.107567560061174,41.71549592476865,28.107567560061174,41.71549592476865
pre_covid,3,1440,39.266548951388884,54.93380047314023,85.25610243055556,126.28592491517092,39.2665473316786,54.93379933396349,39.266548951388884,54.93380047314023,32.01536660077712,45.49584591717961,32.01536660077712,45.49584591717961
pre_covid,4,1440,45.47814384027777,63.03321279151186,85.25075444444444,126.28445791506586,45.478142745564774,63.0332114042032,45.47814384027777,63.03321279151186,36.257392954695774,50.52290994855444,36.257392954695774,50.52290994855444
pre_covid,5,1440,47.080036506944445,64.89253910009495,85.240143125,126.28120484299698,47.08003635687934,64.89253924948608,47.080036506944445,64.89253910009495,37.566156450975534,52.34994679239093,37.566156450975534,52.34994679239093
pre_covid,6,1440,48.520592354166666,66.23882049849794,85.24894319444444,126.2856919300922,48.52059237542047,66.23882007719773,48.520592354166666,66.23882049849794,37.60949180076058,51.69121358707052,37.60949180076058,51.69121358707052
pre_covid,7,1440,51.04395347222223,68.79292182711741,85.22439256944446,126.2643400243274,51.04395515448677,68.79292324722687,51.04395347222223,68.79292182711741,39.243683783316804,53.805506494805556,39.243683783316804,53.805506494805556
pre_covid,8,1440,51.37350847222222,69.15645650298427,85.20085812500001,126.23493599580932,51.373507744140625,69.15645600361309,51.37350847222222,69.15645650298427,39.32711005625826,53.77923001721659,39.32711005625826,53.77923001721659
pre_covid,9,1440,51.418364374999996,69.11857139230271,85.19082263888889,126.21641814867914,51.418364289822044,69.11857095582164,51.418364374999996,69.11857139230271,39.57981697044477,53.98938482050433,39.57981697044477,53.98938482050433
pre_covid,10,1440,54.0629959375,72.01190666376758,85.23333291666667,126.31267645518314,54.062995785115554,72.01190675598255,54.0629959375,72.01190666376758,41.47609821407903,56.6030447905446,41.47609821407903,56.6030447905446
pre_covid,11,1440,54.92605186805555,73.0401961789797,85.26908229166666,126.4139369796299,54.926050788981115,73.04019491901315,54.92605186805555,73.0401961789797,42.1128927796379,57.74989270859968,42.1128927796379,57.74989270859968
pre_covid,12,1440,58.23013733333333,76.68699032509763,85.26875027777777,126.41305124051382,58.23013635925293,76.68698905881949,58.23013733333333,76.68699032509763,42.423580397776114,58.565354552799505,42.423580397776114,58.565354552799505
pre_covid,13,1440,58.36071797222222,76.89169481950888,85.28114923611112,126.44195121610403,58.360717992078996,76.89169476317949,58.36071797222222,76.89169481950888,42.738919530629964,58.94662558268652,42.738919530629964,58.94662558268652
pre_covid,14,1440,58.29314859722222,77.39877250041275,85.30549534722223,126.49621065458166,58.29314796990289,77.39877198785963,58.29314859722222,77.39877250041275,42.43031534486608,58.7908755005712,42.43031534486608,58.7908755005712
pre_covid,15,1440,56.26215864583333,74.84636722381595,85.31453458333334,126.51609038026766,56.26215860995823,74.84636745535691,56.26215864583333,74.84636722381595,41.484502038318446,57.861690388910496,41.484502038318446,57.861690388910496
pre_covid,16,1440,59.40465202777777,78.8625170320659,85.29467548611112,126.47947999591395,59.40465281806098,78.86251689326464,59.40465202777777,78.8625170320659,42.773323565848216,59.38136179923552,42.773323565848216,59.38136179923552
pre_covid,17,1440,58.457124534722226,77.74660983650938,85.24013027777778,126.39736179334264,58.45712384596082,77.7466095076377,58.457124534722226,77.74660983650938,43.11480892604994,59.32369847287766,43.11480892604994,59.32369847287766
pre_covid,18,1440,57.746417548611106,77.04019298924946,85.1523213888889,126.29870622451908,57.74641775594076,77.04019344116574,57.746417548611106,77.04019298924946,43.64043567737268,60.04642926530548,43.64043567737268,60.04642926530548
pre_covid,19,1440,58.008775854166664,76.71719771673024,85.067699375,126.20512209716038,58.008775825466586,76.7171966456386,58.008775854166664,76.71719771673024,43.178660763806214,59.54854466218532,43.178660763806214,59.54854466218532
pre_covid,20,1440,59.043276229166665,78.65880208814634,84.95651520833334,126.12106272329176,59.043274877997504,78.65880158855876,59.043276229166665,78.65880208814634,43.36041995324901,60.95870493539036,43.36041995324901,60.95870493539036
pre_covid,21,1440,53.28802047222222,71.95507783586119,84.8822770138889,126.08163977973533,53.288020052422425,71.9550773200217,53.28802047222222,71.95507783586119,42.659315706431876,59.091648256670524,42.659315706431876,59.091648256670524
pre_covid,22,1440,52.4558645625,70.8483941643187,84.85964423611111,126.07203107350946,52.45586380364311,70.84839462113133,52.4558645625,70.8483941643187,42.30950277827381,59.23741961282672,42.30950277827381,59.23741961282672
pre_covid,23,1440,51.94376386805555,70.58944371218574,84.8631988888889,126.07374404166502,51.943764069485134,70.58944364586397,51.94376386805555,70.58944371218574,42.80581291984954,59.959903825201685,42.80581291984954,59.959903825201685
pre_covid,24,1440,51.032168375,70.95565600244585,84.88535819444445,126.07786556709515,51.032167623494466,70.95565552798558,51.032168375,70.95565600244585,45.519554088831015,63.20236979689894,45.519554088831015,63.20236979689894
covid_onset,1,2809,23.65694869348523,31.281877247186706,56.71053403346387,87.26197405924971,31.761313378489067,49.33589603246415,23.65694869348523,31.281877247186706,23.666363138826735,30.52820323897589,31.640768759472113,48.98690375416097
covid_onset,2,2809,49.62336189391244,67.84626982516525,56.70218743325026,87.2594083465284,49.57530558194643,70.0540405094547,49.62336189391244,67.84626982516525,49.74054307173796,65.36104897682351,49.18220381416451,68.45428280656296
covid_onset,3,2809,72.03847835884658,97.04902751493609,56.69863503025988,87.25869183500386,64.67641531972428,90.2280664940581,72.03847835884658,97.04902751493609,73.45757848088203,92.72070312251901,65.04200689372172,87.22557944197602
covid_onset,4,2809,87.4841086258455,118.14726132927831,56.69092221431114,87.25692772935592,74.75396200459183,105.23750554056024,87.4841086258455,118.14726132927831,90.77298392450288,112.72699093193398,76.08559737635407,101.34770607824929
covid_onset,5,2809,94.54745199003204,125.8357021829226,56.687139195443216,87.2558108707726,79.65528804004705,111.12957266805643,94.54745199003204,125.8357021829226,97.61267322244403,120.94061280037857,80.51324331733458,107.39737271636267
covid_onset,6,2809,100.33959081523675,131.472844072592,56.671350587397654,87.24702514629428,83.48605141784081,115.09303355639149,100.33959081523675,131.472844072592,102.04159700757768,126.33839490479237,83.45400479883962,111.1179129371279
covid_onset,7,2809,104.41588248487007,134.59018501479133,56.64153310786757,87.22984408764754,86.55465271994733,117.80067158526002,104.41588248487007,134.59018501479133,104.66421035224789,128.3030168945976,85.5041321714218,112.84007043507997
covid_onset,8,2809,106.77779791740834,136.97472631555993,56.60845738697045,87.19406608862806,87.87588339412659,119.16807835829975,106.77779791740834,136.97472631555993,106.67039706917815,130.7219652556806,86.62426617049366,114.34965367126955
covid_onset,9,2809,105.97132090067642,136.7510959601488,56.55755329298684,87.10399965499322,87.416234582098,119.05138971136738,105.97132090067642,136.7510959601488,105.98779743833596,129.57672249226934,85.99637142098528,113.21107001572166
covid_onset,10,2809,108.2500895478818,136.81356422480488,56.48529384122463,86.9254355608097,88.57985837938601,118.62796975643127,108.2500895478818,136.81356422480488,106.76524910519335,130.77686128994762,86.26560537682873,113.88521430854848
covid_onset,11,2809,108.88894255962978,137.1876697890445,56.39956642933428,86.6654140222378,89.33949549877347,119.38092551599208,108.88894255962978,137.1876697890445,107.31521167946568,130.48872751194236,86.89924242572766,113.87028982082585
covid_onset,12,2809,108.00550318262728,138.26387573169418,56.33113802064792,86.47500035681425,88.53514341938023,120.14091835452695,108.00550318262728,138.26387573169418,105.69820829315634,129.8588276779022,85.52939186263542,113.34080876398424
covid_onset,13,2809,106.16500238519046,137.6536426779853,56.274619757920966,86.32832422285725,87.46175217878778,120.07951262669621,106.16500238519046,137.6536426779853,103.16499249677908,126.83584769494567,84.02056762500212,111.39046221145537
covid_onset,14,2809,107.88361782840867,141.12775909451008,56.21177429690282,86.17449522066518,88.82250708350253,123.03012608670221,107.88361782840867,141.12775909451008,103.16814121707012,126.35450353199607,84.22819034841243,111.14550656258263
covid_onset,15,2809,105.20760464222143,139.19012957114086,56.15142353150588,86.03433803798004,87.26096577567363,122.08972628009192,105.20760464222143,139.19012957114086,98.98704452556831,122.10506569844684,81.51038357361118,108.1333567189458
covid_onset,16,2809,105.06686496974011,137.8439720379967,56.117781737273056,85.96719153061441,87.11999876283542,120.7991472657717,105.06686496974011,137.8439720379967,98.4394181375553,121.52289905202707,81.27978958911831,107.83598943889976
covid_onset,17,2809,102.7906419508722,135.80687678500558,56.09471456034176,85.93533982459122,85.91523255812093,119.59836377700918,102.7906419508722,135.80687678500558,95.36601238023191,118.3290910165239,79.63436221049687,105.98874904137527
covid_onset,18,2809,100.95450891776431,133.54167270868848,56.099422605909574,85.94001541983558,84.43049426286045,117.46096036545711,100.95450891776431,133.54167270868848,94.26832689670955,116.49902015991489,78.79433785803286,104.79683685620353
covid_onset,19,2809,92.40939238163047,122.08731646493558,56.124671911712355,85.97354859630136,78.98903391533074,109.06389470025566,92.40939238163047,122.08731646493558,87.87307880539169,108.67371334003978,74.7517866070157,99.35285340092378
covid_onset,20,2809,88.96557033107868,121.11444215680741,56.17287102171592,86.02008322521569,76.51695391845269,108.4262195275814,88.96557033107868,121.11444215680741,83.97778901589703,104.54551975623899,71.93976331523673,96.2625207119715
covid_onset,21,2809,79.44603729085084,110.74792947801278,56.22077347810609,86.06506225341342,69.86367784412964,100.55439499092728,79.44603729085084,110.74792947801278,77.20036907167014,96.26459771985931,67.14377324630439,90.09438650290271
covid_onset,22,2809,81.67854174439303,114.73044226237265,56.259280170879315,86.1059071417576,71.6776851957436,103.71326122477154,81.67854174439303,114.73044226237265,78.63355791607334,98.3078035290483,68.06546768454713,91.82846916356331
covid_onset,23,2809,79.49578090779636,111.92862975602932,56.28754898540405,86.13972119470998,70.17891194083192,101.6843676133323,79.49578090779636,111.92862975602932,77.55798230536625,97.23986065513718,67.22610349599077,90.91450524765185
covid_onset,24,2809,70.68357488786046,98.39874591250856,56.306756354574574,86.15452149671222,64.2627015290556,92.13113125308874,70.68357488786046,98.39874591250856,69.9338943999305,87.70134408850866,62.65239431758464,84.39680193095572
