period,horizon,n,direct_MAE,direct_RMSE,direct_MAPE,prevday_MAE,prevday_RMSE,prevday_MAPE,hybrid_MAE,hybrid_RMSE,hybrid_MAPE,hybrid_beats_direct,hybrid_beats_prevday,hybrid_beats_strongest
full_test,1,4249,23.06400674480852,32.01807988268946,1.980405259109747,66.40188830313016,102.17905359571317,5.572946803338522,28.421776219565448,44.57989546107503,2.468340188524702,False,True,True
full_test,2,4249,43.902286408336884,61.67430191243159,3.8012710785239108,66.38826806307367,102.17318339316284,5.57160077793015,43.87051693279853,63.28500536790499,3.793471707739421,True,True,True
full_test,3,4249,60.931963188581136,85.14261261793956,5.275663470061512,66.37685415391857,102.16906568949955,5.570454998247451,56.06492793380152,80.02982677430225,4.839243398576292,True,True,True
full_test,4,4249,73.24814984888448,102.83300267544614,6.315993615023187,66.36994278653802,102.16745511798126,5.569751996399583,64.832291086023,93.10277836089773,5.567286219401799,True,True,True
full_test,5,4249,78.4605893519523,109.06582343846486,6.770370037873404,66.3638456342669,102.16546180465079,5.5691099645946185,68.61542867931242,97.93638863447585,5.891149033422538,True,False,False
full_test,6,4249,82.77796216814342,113.64019704948045,7.162486196550352,66.35639020946105,102.16238109777483,5.568305032349076,71.63614296383156,101.21324799898335,6.159987402308558,True,False,False
full_test,7,4249,86.32796162939073,116.53023995206061,7.485292792477651,66.32835768416098,102.14373614361043,5.565237430903658,74.51996114680937,103.81660000904584,6.415553565061439,True,False,False
full_test,8,4249,88.00110221844479,118.42462050200517,7.650375372871984,66.29851553306659,102.11121901066285,5.561774491078301,75.50510887400897,104.92425400329965,6.517079974392469,True,False,False
full_test,9,4249,87.48314497896564,118.2461301126249,7.606969065326262,66.26146194398683,102.05262642230052,5.5575111373823605,75.21643857812592,104.82817785869352,6.493780688664231,True,False,False
full_test,10,4249,89.88590617429286,118.87738244252671,7.835471102743284,66.22809832901861,101.99231724657761,5.5536611482677145,76.88198072917433,105.17034913407205,6.650230428959429,True,False,False
full_test,11,4249,90.60074206637776,119.37398087698179,7.893775407865604,66.18353979759944,101.88849575784937,5.5485771722016946,77.67666650792833,105.97087728379414,6.7176435140975705,True,False,False
full_test,12,4249,91.13646874103648,120.95938965876347,7.921820379606408,66.13818947987762,101.781110419981,5.543500127617014,78.2646773881768,107.40213635377835,6.751894876477353,True,False,False
full_test,13,4249,89.96397348109943,120.54259336133303,7.811658445590142,66.10502748882091,101.71093714909121,5.53960202059218,77.59931649301214,107.40633920962549,6.690013985837397,True,False,False
full_test,14,4249,91.07724567598166,123.27739675588664,7.900734350616256,66.0717315368322,101.64754359627352,5.535748642511408,78.47600740744146,109.71260704730676,6.761931347329502,True,False,False
full_test,15,4249,88.61983262939167,121.27054677441625,7.688366995684093,66.03489726994587,101.57741534292263,5.531651436252897,76.7553686190179,108.41020006088752,6.617282838432886,True,False,False
full_test,16,4249,89.59179148563449,121.11652586571499,7.765285266863198,66.00592647681808,101.52436697691813,5.528520662714675,77.72717735533362,108.41932632406058,6.692139997946016,True,False,False
full_test,17,4249,87.76586834471163,119.33756988480464,7.604465115245228,65.97219129206873,101.47186671010034,5.525005961429673,76.6095896902672,107.25990594952289,6.59501893400527,True,False,False
full_test,18,4249,86.31114566596091,117.47784437631591,7.474516811357504,65.94554504589314,101.43284570567795,5.522126850107159,75.3871734414991,105.51141356166072,6.485827157918603,True,False,False
full_test,19,4249,80.75091050368928,108.85071505380776,6.974515246345314,65.933558602024,101.41215351484493,5.520907708512772,71.87875581474134,99.28910392978082,6.17184875206948,True,False,False
full_test,20,4249,78.8248068295711,108.60156371875863,6.787535441866764,65.92774219816427,101.40279979520817,5.520384563330879,70.59506692898329,99.34223613290149,6.045794360963142,True,False,False
full_test,21,4249,70.58100011006727,99.31315646332715,6.060687210674121,65.9342507884208,101.41141588436031,5.521009570947003,64.2461331936099,91.8648743688946,5.49228323226737,True,True,True
full_test,22,4249,71.77488068031172,101.99602315716064,6.157935355851399,65.9520371146152,101.43028732138822,5.522711237324273,65.16334704450219,93.87316413638548,5.568273128509595,True,True,True
full_test,23,4249,70.1583124261545,99.8546071217917,6.019830325863355,65.97193021887503,101.44998770410527,5.524658624969696,63.99896067353623,92.32691729194005,5.472954891531989,True,True,True
full_test,24,4249,64.023647846736,90.04012115943155,5.483012036195646,65.99213800894329,101.46003159525907,5.52666259896984,59.77883030664844,85.54392516541105,5.103070667317113,True,True,True
pre_covid,1,1440,21.90735963663737,33.40752846564385,1.6820764542326803,85.30675923611112,126.30534366840483,6.626192963208914,21.90735963663737,33.40752846564385,1.6820764542326803,False,True,True
pre_covid,2,1440,32.742217408175996,47.37447176322615,2.501031307765726,85.28285173611111,126.29478882502181,6.623621806071661,32.742217408175996,47.37447176322615,2.501031307765726,False,True,True
pre_covid,3,1440,39.2665473316786,54.93379933396349,3.0079176828014442,85.25610243055556,126.28592491517092,6.620807655731306,39.2665473316786,54.93379933396349,3.0079176828014442,False,True,True
pre_covid,4,1440,45.478142745564774,63.0332114042032,3.4623398108293486,85.25075444444444,126.28445791506586,6.620105453117435,45.478142745564774,63.0332114042032,3.4623398108293486,False,True,True
pre_covid,5,1440,47.08003635687934,64.89253924948608,3.5857788178149073,85.240143125,126.28120484299698,6.618866135392974,47.08003635687934,64.89253924948608,3.5857788178149073,False,True,True
pre_covid,6,1440,48.52059237542047,66.23882007719773,3.6923119688252224,85.24894319444444,126.2856919300922,6.619535234197318,48.52059237542047,66.23882007719773,3.6923119688252224,False,True,True
pre_covid,7,1440,51.04395515448677,68.79292324722687,3.891096251960343,85.22439256944446,126.2643400243274,6.616559362348823,51.04395515448677,68.79292324722687,3.891096251960343,False,True,True
pre_covid,8,1440,51.373507744140625,69.15645600361309,3.9217405325259844,85.20085812500001,126.23493599580932,6.613535875084346,51.373507744140625,69.15645600361309,3.9217405325259844,False,True,True
pre_covid,9,1440,51.418364289822044,69.11857095582164,3.9280104852926545,85.19082263888889,126.21641814867914,6.611616670680874,51.418364289822044,69.11857095582164,3.9280104852926545,False,True,True
pre_covid,10,1440,54.062995785115554,72.01190675598255,4.143824237380905,85.23333291666667,126.31267645518314,6.614144656284096,54.062995785115554,72.01190675598255,4.143824237380905,False,True,True
pre_covid,11,1440,54.926050788981115,73.04019491901315,4.214841240404755,85.26908229166666,126.4139369796299,6.614556839238212,54.926050788981115,73.04019491901315,4.214841240404755,False,True,True
pre_covid,12,1440,58.23013635925293,76.68698905881949,4.457316153729554,85.26875027777777,126.41305124051382,6.611245297862688,58.23013635925293,76.68698905881949,4.457316153729554,False,True,True
pre_covid,13,1440,58.360717992078996,76.89169476317949,4.484173031984467,85.28114923611112,126.44195121610403,6.609284242515842,58.360717992078996,76.89169476317949,4.484173031984467,False,True,True
pre_covid,14,1440,58.29314796990289,77.39877198785963,4.474000741634523,85.30549534722223,126.49621065458166,6.6081259881711,58.29314796990289,77.39877198785963,4.474000741634523,False,True,True
pre_covid,15,1440,56.26215860995823,74.84636745535691,4.32271235399536,85.31453458333334,126.51609038026766,6.605580878166403,56.26215860995823,74.84636745535691,4.32271235399536,False,True,True
pre_covid,16,1440,59.40465281806098,78.86251689326464,4.559406772106625,85.29467548611112,126.47947999591395,6.600998097961824,59.40465281806098,78.86251689326464,4.559406772106625,False,True,True
pre_covid,17,1440,58.45712384596082,77.7466095076377,4.484774420555718,85.24013027777778,126.39736179334264,6.593629331922987,58.45712384596082,77.7466095076377,4.484774420555718,False,True,True
pre_covid,18,1440,57.74641775594076,77.04019344116574,4.436083025224199,85.1523213888889,126.29870622451908,6.583688099854122,57.74641775594076,77.04019344116574,4.436083025224199,False,True,True
pre_covid,19,1440,58.008775825466586,76.7171966456386,4.4494002670721935,85.067699375,126.20512209716038,6.575302063968451,58.008775825466586,76.7171966456386,4.4494002670721935,False,True,True
pre_covid,20,1440,59.043274877997504,78.65880158855876,4.524481211159461,84.95651520833334,126.12106272329176,6.565291096154971,59.043274877997504,78.65880158855876,4.524481211159461,False,True,True
pre_covid,21,1440,53.28802005242242,71.9550773200217,4.056166970246268,84.8822770138889,126.08163977973533,6.5586099477152215,53.28802005242242,71.9550773200217,4.056166970246268,False,True,True
pre_covid,22,1440,52.45586380364311,70.84839462113133,3.980752093875624,84.85964423611111,126.07203107350946,6.556345402016481,52.45586380364311,70.84839462113133,3.980752093875624,False,True,True
pre_covid,23,1440,51.943764069485134,70.58944364586397,3.945701820304727,84.8631988888889,126.07374404166502,6.556189659740053,51.943764069485134,70.58944364586397,3.945701820304727,False,True,True
pre_covid,24,1440,51.032167623494466,70.95565552798558,3.866375816102627,84.88535819444445,126.07786556709515,6.557992726821384,51.032167623494466,70.95565552798558,3.866375816102627,False,True,True
covid_onset,1,2809,23.65694794657658,31.28187687174091,2.133339925903259,56.71053403346387,87.26197405924971,5.033012851678372,31.76131337848907,49.33589603246415,2.8714088169976497,False,True,True
covid_onset,2,2809,49.62336129627981,67.84626990034215,4.4678233283963875,56.70218743325026,87.2594083465284,5.032294875287295,49.57530558194643,70.0540405094547,4.456025704165951,True,True,True
covid_onset,3,2809,72.03847754740622,97.04902671621942,6.438196020312313,56.69863503025988,87.25869183500386,5.032004365717457,64.67641531972428,90.2280664940581,5.778050458282871,True,False,False
covid_onset,4,2809,87.4841093464923,118.14726176578242,7.7788848496401775,56.69092221431114,87.25692772935592,5.031300954151915,74.75396200459183,105.23750554056024,6.646361629990737,True,False,False
covid_onset,5,2809,94.54745169189712,125.83570195842697,8.402912350754939,56.687139195443216,87.2558108707726,5.030965113775952,79.65528804004705,111.12957266805644,7.072969293470592,True,False,False
covid_onset,6,2809,100.3395899721737,131.47284349662294,8.94142919687936,56.671350587397654,87.24702514629428,5.029404537275573,83.48605141784081,115.09303355639149,7.425011476433157,True,False,False
covid_onset,7,2809,104.4158823570026,134.5901849599301,9.327814336922263,56.64153310786757,87.22984408764754,5.0262899117576865,86.55465271994733,117.80067158526002,7.709686185519103,True,False,False
covid_onset,8,2809,106.77779714297236,136.9747257619435,9.561815091668082,56.60845738697045,87.19406608862806,5.022601691872637,87.87588339412659,119.16807835829975,7.847549463992945,True,False,False
covid_onset,9,2809,105.97132019874732,136.7510947959033,9.49294284789956,56.55755329298684,87.10399965499322,5.017136638290209,87.416234582098,119.05138971136736,7.809091864475932,True,False,False
covid_onset,10,2809,108.2500894994674,136.81356404241046,9.727949381889538,56.48529384122463,86.9254355608097,5.0100170572945615,88.57985837938601,118.62796975643127,7.935109359494522,True,False,False
covid_onset,11,2809,108.88894265002001,137.18766982406362,9.77973667562766,56.39956642933428,86.6654140222378,5.0021155415386165,89.33949549877347,119.38092551599208,8.000674939557754,True,False,False
covid_onset,12,2809,108.005503497095,138.2638758549161,9.697856721814551,56.33113802064792,86.47500035681425,4.996133433009049,88.53514341938023,120.14091835452695,7.928183007754261,True,False,False
covid_onset,13,2809,106.16500157087847,137.6536415592061,9.51745374483976,56.274619757920966,86.32832422285725,4.9912423197840345,87.46175217878778,120.07951262669621,7.820811769229429,True,False,False
covid_onset,14,2809,107.8836182985354,141.12775868849687,9.657408041229889,56.21177429690282,86.17449522066518,4.986007318997719,88.82250708350253,123.03012608670221,7.934811401512756,True,False,False
covid_onset,15,2809,105.20760428762739,139.19012884074886,9.413729289750227,56.15142353150588,86.03433803798004,4.981114449298304,87.26096577567363,122.08972628009192,7.793566746439308,True,False,False
covid_onset,16,2809,105.06686435188792,137.84397188823596,9.408740244595295,56.117781737273056,85.96719153061441,4.978728029480109,87.11999876283542,120.7991472657717,7.78545998556037,True,False,False
covid_onset,17,2809,102.79064302545251,135.80687758129983,9.203736955883494,56.09471456034176,85.93533982459122,4.977189068047554,85.91523255812093,119.59836377700918,7.676810354214367,True,False,False
covid_onset,18,2809,100.9545092082995,133.54167298139495,9.03213327701502,56.099422605909574,85.94001541983558,4.977930267823206,84.43049426286045,117.46096036545711,7.536603786996546,True,False,False
covid_onset,19,2809,92.40939179120824,122.0873153955248,8.268985011440826,56.124671911712355,85.97354859630136,4.980385148222215,78.98903391533075,109.06389470025566,7.054841211448652,True,False,False
covid_onset,20,2809,88.96557080616991,121.11444208713145,7.947662922186635,56.17287102171592,86.02008322521569,4.984725820978904,76.51695391845269,108.4262195275814,6.8256772145470865,True,False,False
covid_onset,21,2809,79.44603794666696,110.74792995565427,7.088280356354472,56.22077347810609,86.06506225341342,4.989096241453862,69.86367784412964,100.55439499092728,6.228490927999085,True,False,False
covid_onset,22,2809,81.67854187732235,114.73044255423119,7.274042118843608,56.259280170879315,86.1059071417576,4.992831138656855,71.6776851957436,103.71326122477154,6.382096656410244,True,False,False
covid_onset,23,2809,79.4957811458426,111.9286294144137,7.083107309844994,56.28754898540405,86.13972119470998,4.995856670512838,70.17891194083192,101.6843676133323,6.255882774254401,True,False,False
covid_onset,24,2809,70.6835736286754,98.39874457382778,6.311761113067823,56.306756354574574,86.15452149671222,4.997963637023871,64.2627015290556,92.13113125308874,5.737047379936856,True,False,False
