scenario,description,current_load_mw,capacity_mw,current_utilization,forecast_load_mw,forecast_utilization,trajectory_slope_component,voltage_pu,voltage_stress_component,current_utilization_component,forecast_utilization_component,headroom_component,stress_score,risk_level,overload_predicted,time_to_overload_hours,resolution_note,feeder_id,feeder_type,multiplier
A_NORMAL,Feeder F01 demand x1.00 (capacity fixed),3.925361326071861,20.55080994264411,0.19100762145274436,4.110676648159371,0.20002504327722292,0.009017421824478566,1.02,0.0,0.19100762145274436,0.20002504327722292,0.1910076214527444,14.73135559105736,LOW,False,,"Crossing time is linearly interpolated between adjacent hourly trajectory points; the underlying national demand model only produces hourly-resolution values, so this is an hour-level estimate, not a sub-hourly-accurate prediction.",F01,RESIDENTIAL,1.0
B_ELEVATED_+10%,Feeder F01 demand x1.10 (capacity fixed),4.317897458679048,20.55080994264411,0.2101083835980188,4.521744312975309,0.22002754760494522,0.009919164006926407,1.02,0.0,0.2101083835980188,0.22002754760494522,0.21010838359801887,16.2044911501631,LOW,False,,"Crossing time is linearly interpolated between adjacent hourly trajectory points; the underlying national demand model only produces hourly-resolution values, so this is an hour-level estimate, not a sub-hourly-accurate prediction.",F01,RESIDENTIAL,1.1
C_ELEVATED_+20%,Feeder F01 demand x1.20 (capacity fixed),4.710433591286233,20.55080994264411,0.2292091457432932,4.932811977791245,0.2400300519326675,0.01082090618937427,1.02,0.0,0.2292091457432932,0.2400300519326675,0.2292091457432932,17.677626709268832,LOW,False,,"Crossing time is linearly interpolated between adjacent hourly trajectory points; the underlying national demand model only produces hourly-resolution values, so this is an hour-level estimate, not a sub-hourly-accurate prediction.",F01,RESIDENTIAL,1.2
D_ELEVATED_+30%,Feeder F01 demand x1.30 (capacity fixed),5.10296972389342,20.55080994264411,0.24830990788856766,5.343879642607183,0.2600325562603898,0.011722648371822134,1.02,0.0,0.24830990788856766,0.2600325562603898,0.24830990788856766,19.150762268374567,LOW,False,,"Crossing time is linearly interpolated between adjacent hourly trajectory points; the underlying national demand model only produces hourly-resolution values, so this is an hour-level estimate, not a sub-hourly-accurate prediction.",F01,RESIDENTIAL,1.3
A_NORMAL,Feeder F02 demand x1.00 (capacity fixed),3.271134438393218,15.981016219426943,0.2046887628095103,3.4255638734661433,0.2143520678805105,0.009663305071000222,1.02,0.0,0.2046887628095103,0.2143520678805105,0.20468876280951032,15.786505938908283,LOW,False,,"Crossing time is linearly interpolated between adjacent hourly trajectory points; the underlying national demand model only produces hourly-resolution values, so this is an hour-level estimate, not a sub-hourly-accurate prediction.",F02,RESIDENTIAL,1.0
B_ELEVATED_+10%,Feeder F02 demand x1.10 (capacity fixed),3.59824788223254,15.981016219426943,0.22515763909046133,3.7681202608127577,0.23578727466856156,0.010629635578100241,1.02,0.0,0.22515763909046133,0.23578727466856156,0.22515763909046127,17.36515653279911,LOW,False,,"Crossing time is linearly interpolated between adjacent hourly trajectory points; the underlying national demand model only produces hourly-resolution values, so this is an hour-level estimate, not a sub-hourly-accurate prediction.",F02,RESIDENTIAL,1.1
C_ELEVATED_+20%,Feeder F02 demand x1.20 (capacity fixed),3.9253613260718616,15.981016219426943,0.24562651537141234,4.110676648159372,0.25722248145661264,0.011595966085200289,1.02,0.0,0.24562651537141234,0.25722248145661264,0.24562651537141234,18.943807126689936,LOW,False,,"Crossing time is linearly interpolated between adjacent hourly trajectory points; the underlying national demand model only produces hourly-resolution values, so this is an hour-level estimate, not a sub-hourly-accurate prediction.",F02,RESIDENTIAL,1.2
D_ELEVATED_+30%,Feeder F02 demand x1.30 (capacity fixed),4.252474769911184,15.981016219426943,0.2660953916523634,4.453233035505987,0.2786576882446637,0.01256229659230028,1.02,0.0,0.2660953916523634,0.2786576882446637,0.2660953916523633,20.522457720580768,LOW,False,,"Crossing time is linearly interpolated between adjacent hourly trajectory points; the underlying national demand model only produces hourly-resolution values, so this is an hour-level estimate, not a sub-hourly-accurate prediction.",F02,RESIDENTIAL,1.3
A_NORMAL,Feeder F03 demand x1.00 (capacity fixed),3.5378687860697915,29.64529748929407,0.11933996571791654,1.879292375276727,0.06339259627788872,0.0,1.02,0.0,0.11933996571791654,0.06339259627788872,0.1193399657179165,7.272076345642906,LOW,False,,"Crossing time is linearly interpolated between adjacent hourly trajectory points; the underlying national demand model only produces hourly-resolution values, so this is an hour-level estimate, not a sub-hourly-accurate prediction.",F03,COMMERCIAL,1.0
B_ELEVATED_+10%,Feeder F03 demand x1.10 (capacity fixed),3.891655664676771,29.64529748929407,0.1312739622897082,2.0672216128043996,0.06973185590567758,0.0,1.02,0.0,0.1312739622897082,0.06973185590567758,0.13127396228970822,7.999283980207196,LOW,False,,"Crossing time is linearly interpolated between adjacent hourly trajectory points; the underlying national demand model only produces hourly-resolution values, so this is an hour-level estimate, not a sub-hourly-accurate prediction.",F03,COMMERCIAL,1.1
C_ELEVATED_+20%,Feeder F03 demand x1.20 (capacity fixed),4.245442543283749,29.64529748929407,0.14320795886149984,2.2551508503320723,0.07607111553346646,0.0,1.02,0.0,0.14320795886149984,0.07607111553346646,0.14320795886149973,8.726491614771485,LOW,False,,"Crossing time is linearly interpolated between adjacent hourly trajectory points; the underlying national demand model only produces hourly-resolution values, so this is an hour-level estimate, not a sub-hourly-accurate prediction.",F03,COMMERCIAL,1.2
D_ELEVATED_+30%,Feeder F03 demand x1.30 (capacity fixed),4.599229421890729,29.64529748929407,0.15514195543329148,2.443080087859745,0.08241037516125532,0.0,1.02,0.0,0.15514195543329148,0.08241037516125532,0.15514195543329157,9.453699249335777,LOW,False,,"Crossing time is linearly interpolated between adjacent hourly trajectory points; the underlying national demand model only produces hourly-resolution values, so this is an hour-level estimate, not a sub-hourly-accurate prediction.",F03,COMMERCIAL,1.3
A_NORMAL,Feeder F04 demand x1.00 (capacity fixed),2.779754046197694,24.180108577415787,0.114960362452383,1.476586866288857,0.061066180143954714,0.0,1.02,0.0,0.114960362452383,0.061066180143954714,0.11496036245238306,7.005201714675876,LOW,False,,"Crossing time is linearly interpolated between adjacent hourly trajectory points; the underlying national demand model only produces hourly-resolution values, so this is an hour-level estimate, not a sub-hourly-accurate prediction.",F04,COMMERCIAL,1.0
B_ELEVATED_+10%,Feeder F04 demand x1.10 (capacity fixed),3.057729450817464,24.180108577415787,0.12645639869762132,1.6242455529177429,0.06717279815835019,0.0,1.02,0.0,0.12645639869762132,0.06717279815835019,0.12645639869762137,7.705721886143466,LOW,False,,"Crossing time is linearly interpolated between adjacent hourly trajectory points; the underlying national demand model only produces hourly-resolution values, so this is an hour-level estimate, not a sub-hourly-accurate prediction.",F04,COMMERCIAL,1.1
C_ELEVATED_+20%,Feeder F04 demand x1.20 (capacity fixed),3.335704855437233,24.180108577415787,0.1379524349428596,1.7719042395466285,0.07327941617274566,0.0,1.02,0.0,0.1379524349428596,0.07327941617274566,0.13795243494285958,8.406242057611053,LOW,False,,"Crossing time is linearly interpolated between adjacent hourly trajectory points; the underlying national demand model only produces hourly-resolution values, so this is an hour-level estimate, not a sub-hourly-accurate prediction.",F04,COMMERCIAL,1.2
D_ELEVATED_+30%,Feeder F04 demand x1.30 (capacity fixed),3.6136802600570026,24.180108577415787,0.14944847118809793,1.9195629261755143,0.07938603418714113,0.0,1.02,0.0,0.14944847118809793,0.07938603418714113,0.1494484711880979,9.10676222907864,LOW,False,,"Crossing time is linearly interpolated between adjacent hourly trajectory points; the underlying national demand model only produces hourly-resolution values, so this is an hour-level estimate, not a sub-hourly-accurate prediction.",F04,COMMERCIAL,1.3
A_NORMAL,Feeder F05 demand x1.00 (capacity fixed),8.741588376782635,20.292273785748602,0.43078407422838494,7.119992886235837,0.3508721083408728,0.0,1.02,0.0,0.43078407422838494,0.3508721083408728,0.43078407422838494,29.911446590503505,LOW,False,,"Crossing time is linearly interpolated between adjacent hourly trajectory points; the underlying national demand model only produces hourly-resolution values, so this is an hour-level estimate, not a sub-hourly-accurate prediction.",F05,INDUSTRIAL,1.0
B_ELEVATED_+10%,Feeder F05 demand x1.10 (capacity fixed),9.6157472144609,20.292273785748602,0.47386248165122347,7.831992174859421,0.3859593191749601,0.0,1.02,0.0,0.47386248165122347,0.3859593191749601,0.47386248165122347,32.90259124955386,MODERATE,False,,"Crossing time is linearly interpolated between adjacent hourly trajectory points; the underlying national demand model only produces hourly-resolution values, so this is an hour-level estimate, not a sub-hourly-accurate prediction.",F05,INDUSTRIAL,1.1
C_ELEVATED_+20%,Feeder F05 demand x1.20 (capacity fixed),10.489906052139162,20.292273785748602,0.5169408890740619,8.543991463483003,0.42104653000904735,0.0,1.0183059110925938,0.0,0.5169408890740619,0.42104653000904735,0.5169408890740619,35.8937359086042,MODERATE,False,,"Crossing time is linearly interpolated between adjacent hourly trajectory points; the underlying national demand model only produces hourly-resolution values, so this is an hour-level estimate, not a sub-hourly-accurate prediction.",F05,INDUSTRIAL,1.2
D_ELEVATED_+30%,Feeder F05 demand x1.30 (capacity fixed),11.364064889817426,20.292273785748602,0.5600192964969004,9.255990752106587,0.4561337408431346,0.0,1.01399807035031,0.0,0.5600192964969004,0.4561337408431346,0.5600192964969004,38.884880567654555,MODERATE,False,,"Crossing time is linearly interpolated between adjacent hourly trajectory points; the underlying national demand model only produces hourly-resolution values, so this is an hour-level estimate, not a sub-hourly-accurate prediction.",F05,INDUSTRIAL,1.3
A_NORMAL,Feeder F06 demand x1.00 (capacity fixed),7.770300779362343,17.082843930306925,0.4548599057079096,6.328882565542966,0.37048178812397875,0.0,1.02,0.0,0.4548599057079096,0.37048178812397875,0.4548599057079096,31.583149400575294,MODERATE,False,,"Crossing time is linearly interpolated between adjacent hourly trajectory points; the underlying national demand model only produces hourly-resolution values, so this is an hour-level estimate, not a sub-hourly-accurate prediction.",F06,INDUSTRIAL,1.0
B_ELEVATED_+10%,Feeder F06 demand x1.10 (capacity fixed),8.547330857298578,17.082843930306925,0.5003458962787005,6.961770822097264,0.40752996693637666,0.0,1.01996541037213,0.0,0.5003458962787005,0.40752996693637666,0.5003458962787005,34.741464340632824,MODERATE,False,,"Crossing time is linearly interpolated between adjacent hourly trajectory points; the underlying national demand model only produces hourly-resolution values, so this is an hour-level estimate, not a sub-hourly-accurate prediction.",F06,INDUSTRIAL,1.1
C_ELEVATED_+20%,Feeder F06 demand x1.20 (capacity fixed),9.324360935234811,17.082843930306925,0.5458318868494915,7.594659078651559,0.44457814574877447,0.0,1.0154168113150508,0.0,0.5458318868494915,0.44457814574877447,0.5458318868494914,37.899779280690346,MODERATE,False,,"Crossing time is linearly interpolated between adjacent hourly trajectory points; the underlying national demand model only produces hourly-resolution values, so this is an hour-level estimate, not a sub-hourly-accurate prediction.",F06,INDUSTRIAL,1.2
D_ELEVATED_+30%,Feeder F06 demand x1.30 (capacity fixed),10.101391013171046,17.082843930306925,0.5913178774202824,8.227547335205857,0.4816263245611724,0.0,1.0108682122579717,0.0,0.5913178774202824,0.4816263245611724,0.5913178774202824,41.05809422074788,MODERATE,False,,"Crossing time is linearly interpolated between adjacent hourly trajectory points; the underlying national demand model only produces hourly-resolution values, so this is an hour-level estimate, not a sub-hourly-accurate prediction.",F06,INDUSTRIAL,1.3
A_NORMAL,Feeder F07 demand x1.00 (capacity fixed),2.916204738860844,15.373041728252261,0.18969601399711958,2.375238469320201,0.1545067340157567,0.0,1.02,0.0,0.18969601399711958,0.1545067340157567,0.18969601399711966,13.171522650343082,LOW,False,,"Crossing time is linearly interpolated between adjacent hourly trajectory points; the underlying national demand model only produces hourly-resolution values, so this is an hour-level estimate, not a sub-hourly-accurate prediction.",F07,MIXED,1.0
B_ELEVATED_+10%,Feeder F07 demand x1.10 (capacity fixed),3.2078252127469287,15.373041728252261,0.20866561539683154,2.6127623162522213,0.1699574074173324,0.0,1.02,0.0,0.20866561539683154,0.1699574074173324,0.2086656153968316,14.488674915377391,LOW,False,,"Crossing time is linearly interpolated between adjacent hourly trajectory points; the underlying national demand model only produces hourly-resolution values, so this is an hour-level estimate, not a sub-hourly-accurate prediction.",F07,MIXED,1.1
C_ELEVATED_+20%,Feeder F07 demand x1.20 (capacity fixed),3.499445686633013,15.373041728252261,0.22763521679654347,2.850286163184241,0.18540808081890803,0.0,1.02,0.0,0.22763521679654347,0.18540808081890803,0.22763521679654353,15.805827180411697,LOW,False,,"Crossing time is linearly interpolated between adjacent hourly trajectory points; the underlying national demand model only produces hourly-resolution values, so this is an hour-level estimate, not a sub-hourly-accurate prediction.",F07,MIXED,1.2
D_ELEVATED_+30%,Feeder F07 demand x1.30 (capacity fixed),3.7910661605190974,15.373041728252261,0.24660481819625543,3.0878100101162613,0.20085875422048374,0.0,1.02,0.0,0.24660481819625543,0.20085875422048374,0.24660481819625546,17.122979445446006,LOW,False,,"Crossing time is linearly interpolated between adjacent hourly trajectory points; the underlying national demand model only produces hourly-resolution values, so this is an hour-level estimate, not a sub-hourly-accurate prediction.",F07,MIXED,1.3
A_NORMAL,Feeder F08 demand x1.00 (capacity fixed),2.3329637910886754,13.12255244132488,0.17778277522761682,1.9001907754561607,0.1448034430765295,0.0,1.02,0.0,0.17778277522761682,0.1448034430765295,0.17778277522761676,12.34432817753864,LOW,False,,"Crossing time is linearly interpolated between adjacent hourly trajectory points; the underlying national demand model only produces hourly-resolution values, so this is an hour-level estimate, not a sub-hourly-accurate prediction.",F08,MIXED,1.0
B_ELEVATED_+10%,Feeder F08 demand x1.10 (capacity fixed),2.566260170197543,13.12255244132488,0.1955610527503785,2.090209853001777,0.1592837873841825,0.0,1.02,0.0,0.1955610527503785,0.1592837873841825,0.1955610527503785,13.578760995292507,LOW,False,,"Crossing time is linearly interpolated between adjacent hourly trajectory points; the underlying national demand model only produces hourly-resolution values, so this is an hour-level estimate, not a sub-hourly-accurate prediction.",F08,MIXED,1.1
C_ELEVATED_+20%,Feeder F08 demand x1.20 (capacity fixed),2.7995565493064105,13.12255244132488,0.2133393302731402,2.2802289305473926,0.1737641316918354,0.0,1.02,0.0,0.2133393302731402,0.1737641316918354,0.21333933027314023,14.813193813046372,LOW,False,,"Crossing time is linearly interpolated between adjacent hourly trajectory points; the underlying national demand model only produces hourly-resolution values, so this is an hour-level estimate, not a sub-hourly-accurate prediction.",F08,MIXED,1.2
D_ELEVATED_+30%,Feeder F08 demand x1.30 (capacity fixed),3.032852928415278,13.12255244132488,0.23111760779590187,2.470248008093009,0.1882444759994884,0.0,1.02,0.0,0.23111760779590187,0.1882444759994884,0.23111760779590196,16.047626630800238,LOW,False,,"Crossing time is linearly interpolated between adjacent hourly trajectory points; the underlying national demand model only produces hourly-resolution values, so this is an hour-level estimate, not a sub-hourly-accurate prediction.",F08,MIXED,1.3
A_NORMAL,Feeder F09 demand x1.00 (capacity fixed),3.3467284259696224,8.93391579312151,0.3746093542258781,2.7258984932709884,0.30511799712391957,0.0,1.02,0.0,0.3746093542258781,0.30511799712391957,0.37460935422587816,26.010960853882104,LOW,False,,"Crossing time is linearly interpolated between adjacent hourly trajectory points; the underlying national demand model only produces hourly-resolution values, so this is an hour-level estimate, not a sub-hourly-accurate prediction.",F09,EV_HEAVY,1.0
B_ELEVATED_+10%,Feeder F09 demand x1.10 (capacity fixed),3.681401268566585,8.93391579312151,0.4120702896484659,2.9984883425980877,0.33562979683631156,0.0,1.02,0.0,0.4120702896484659,0.33562979683631156,0.4120702896484659,28.612056939270314,LOW,False,,"Crossing time is linearly interpolated between adjacent hourly trajectory points; the underlying national demand model only produces hourly-resolution values, so this is an hour-level estimate, not a sub-hourly-accurate prediction.",F09,EV_HEAVY,1.1
C_ELEVATED_+20%,Feeder F09 demand x1.20 (capacity fixed),4.0160741111635465,8.93391579312151,0.44953122507105364,3.271078191925186,0.36614159654870343,0.0,1.02,0.0,0.44953122507105364,0.36614159654870343,0.4495312250710537,31.213153024658514,MODERATE,False,,"Crossing time is linearly interpolated between adjacent hourly trajectory points; the underlying national demand model only produces hourly-resolution values, so this is an hour-level estimate, not a sub-hourly-accurate prediction.",F09,EV_HEAVY,1.2
D_ELEVATED_+30%,Feeder F09 demand x1.30 (capacity fixed),4.35074695376051,8.93391579312151,0.4869921604936416,3.543668041252285,0.3966533962610954,0.0,1.02,0.0,0.4869921604936416,0.3966533962610954,0.4869921604936416,33.81424911004673,MODERATE,False,,"Crossing time is linearly interpolated between adjacent hourly trajectory points; the underlying national demand model only produces hourly-resolution values, so this is an hour-level estimate, not a sub-hourly-accurate prediction.",F09,EV_HEAVY,1.3
A_NORMAL,Feeder F10 demand x1.00 (capacity fixed),2.231152283979749,5.756518591797549,0.38758708903657724,1.8172656621806595,0.31568831633238836,0.0,1.02,0.0,0.38758708903657724,0.31568831633238836,0.38758708903657724,26.912068496617625,LOW,False,,"Crossing time is linearly interpolated between adjacent hourly trajectory points; the underlying national demand model only produces hourly-resolution values, so this is an hour-level estimate, not a sub-hourly-accurate prediction.",F10,EV_HEAVY,1.0
B_ELEVATED_+10%,Feeder F10 demand x1.10 (capacity fixed),2.454267512377724,5.756518591797549,0.42634579794023497,1.9989922283987256,0.34725714796562723,0.0,1.02,0.0,0.42634579794023497,0.34725714796562723,0.42634579794023497,29.60327534627939,LOW,False,,"Crossing time is linearly interpolated between adjacent hourly trajectory points; the underlying national demand model only produces hourly-resolution values, so this is an hour-level estimate, not a sub-hourly-accurate prediction.",F10,EV_HEAVY,1.1
C_ELEVATED_+20%,Feeder F10 demand x1.20 (capacity fixed),2.6773827407756987,5.756518591797549,0.46510450684389265,2.180718794616791,0.378825979598866,0.0,1.02,0.0,0.46510450684389265,0.378825979598866,0.4651045068438927,32.29448219594115,MODERATE,False,,"Crossing time is linearly interpolated between adjacent hourly trajectory points; the underlying national demand model only produces hourly-resolution values, so this is an hour-level estimate, not a sub-hourly-accurate prediction.",F10,EV_HEAVY,1.2
D_ELEVATED_+30%,Feeder F10 demand x1.30 (capacity fixed),2.9004979691736734,5.756518591797549,0.5038632157475503,2.3624453608348577,0.4103948112321049,0.0,1.019613678425245,0.0,0.5038632157475503,0.4103948112321049,0.5038632157475503,34.98568904560291,MODERATE,False,,"Crossing time is linearly interpolated between adjacent hourly trajectory points; the underlying national demand model only produces hourly-resolution values, so this is an hour-level estimate, not a sub-hourly-accurate prediction.",F10,EV_HEAVY,1.3
E_TIGHT_CAPACITY,"Feeder F10: load fixed at baseline, capacity artificially reduced to 1.05x current load",2.231152283979749,2.3427098981787364,0.9523809523809523,1.8172656621806595,0.7757109250246621,0.0,0.9747619047619048,0.0,0.9523809523809523,0.7757109250246621,0.9523809523809523,66.12847060788272,HIGH,False,,"Crossing time is linearly interpolated between adjacent hourly trajectory points; the underlying national demand model only produces hourly-resolution values, so this is an hour-level estimate, not a sub-hourly-accurate prediction.",F10,EV_HEAVY,
F_OVERLOAD,Feeder F10: explicit linear trajectory 0.60x capacity -> 1.40x capacity over 24h,3.4539111550785297,5.756518591797549,0.6,8.05912602851657,1.4000000000000001,0.8000000000000002,1.01,0.0,0.6,1.0,0.6000000000000001,69.0,HIGH,True,12.0,"Crossing time is linearly interpolated between adjacent hourly trajectory points; the underlying national demand model only produces hourly-resolution values, so this is an hour-level estimate, not a sub-hourly-accurate prediction.",F10,EV_HEAVY,
G_HIGH_UTILIZATION,"Feeder F10: current=0.97x capacity, forecast=0.99x capacity (near, not over)",5.583823034043623,5.756518591797549,0.97,5.698953405879574,0.99,0.020000000000000018,0.973,0.0,0.97,0.99,0.97,73.64999999999999,HIGH,False,,"Crossing time is linearly interpolated between adjacent hourly trajectory points; the underlying national demand model only produces hourly-resolution values, so this is an hour-level estimate, not a sub-hourly-accurate prediction.",F10,EV_HEAVY,
H1_VOLTAGE_STRESS_PARTIAL,Feeder F10: load held constant at 1.30x capacity (deliberately >100%) to activate voltage model,7.483474169336814,5.756518591797549,1.3,7.483474169336814,1.3,0.0,0.94,0.20000000000000046,1.0,1.0,1.0,77.0,HIGH,True,0.0,"Crossing time is linearly interpolated between adjacent hourly trajectory points; the underlying national demand model only produces hourly-resolution values, so this is an hour-level estimate, not a sub-hourly-accurate prediction.",F10,EV_HEAVY,
H2_VOLTAGE_STRESS_SATURATED,Feeder F10: load held constant at 1.70x capacity (deliberately >100%) to activate voltage model,9.786081606055834,5.756518591797549,1.7,9.786081606055834,1.7,0.0,0.9,1.0,1.0,1.0,1.0,85.0,CRITICAL,True,0.0,"Crossing time is linearly interpolated between adjacent hourly trajectory points; the underlying national demand model only produces hourly-resolution values, so this is an hour-level estimate, not a sub-hourly-accurate prediction.",F10,EV_HEAVY,
