horizon,strongest_baseline,strongest_baseline_MAE,direct_MAE,pooled_MAE,pooled_beats_baseline,direct_beats_baseline,winner
1,persistence,38.11919552835961,23.06400674480852,81.502269634767,False,True,DIRECT
2,prev_day,66.38826806307367,43.90228640833688,82.24251880594147,False,True,DIRECT
3,prev_day,66.37685415391857,60.931963188581136,83.72791535303803,False,True,DIRECT
4,prev_day,66.36994278653802,73.24814984888448,85.08233263320689,False,False,BASELINE
5,prev_day,66.3638456342669,78.4605893519523,86.11293662971251,False,False,BASELINE
6,prev_day,66.35639020946105,82.77796216814342,86.74355973503415,False,False,BASELINE
7,prev_day,66.32835768416098,86.32796162939073,87.37698283723007,False,False,BASELINE
8,prev_day,66.29851553306659,88.00110221844479,88.09713702684178,False,False,BASELINE
9,prev_day,66.26146194398683,87.48314497896564,88.4956755129194,False,False,BASELINE
10,prev_day,66.22809832901861,89.88590617429286,88.70285139943314,False,False,BASELINE
11,prev_day,66.18353979759944,90.60074206637776,88.60185823088888,False,False,BASELINE
12,prev_day,66.13818947987762,91.13646874103648,88.4938010912724,False,False,BASELINE
13,prev_day,66.10502748882091,89.96397348109943,88.61707374554582,False,False,BASELINE
14,prev_day,66.0717315368322,91.07724567598166,88.57414244275307,False,False,BASELINE
15,prev_day,66.03489726994587,88.61983262939167,88.53626184396329,False,False,BASELINE
16,prev_day,66.00592647681808,89.59179148563449,88.43543722114303,False,False,BASELINE
17,prev_day,65.97219129206873,87.76586834471163,88.39221598910223,False,False,BASELINE
18,prev_day,65.94554504589314,86.31114566596091,88.18555833500346,False,False,BASELINE
19,prev_day,65.933558602024,80.75091050368928,87.95571779699543,False,False,BASELINE
20,prev_day,65.92774219816427,78.8248068295711,87.62820298128511,False,False,BASELINE
21,prev_day,65.9342507884208,70.58100011006727,87.23771451713363,False,False,BASELINE
22,prev_day,65.9520371146152,71.77488068031172,87.0225139684981,False,False,BASELINE
23,prev_day,65.97193021887503,70.1583124261545,86.85645799312614,False,False,BASELINE
24,persistence,65.99213800894329,64.023647846736,86.91206926204603,False,True,DIRECT
